name,date,venue,location,status,event_type,url,scraped_at
UFC Fight Night 263,"Nov 22, 2025",Ali Bin Hamad al-Attiyah Arena,Doha,scheduled,numbered,https://en.wikipedia.org/wiki/UFC_Fight_Night_263,2025-07-29T14:58:05.888373
UFC 321: Aspinall vs. Gane,"Oct 25, 2025",Etihad Arena,Abu Dhabi,scheduled,numbered,https://en.wikipedia.org/wiki/UFC_321,2025-07-29T14:58:05.888438
UFC Fight Night 262,"Oct 18, 2025",Rogers Arena,Vancouver,scheduled,numbered,https://en.wikipedia.org/wiki/UFC_Fight_Night_262,2025-07-29T14:58:05.888496
UFC Fight Night 261,"Oct 11, 2025",Farmasi Arena,Rio de Janeiro,scheduled,numbered,https://en.wikipedia.org/wiki/UFC_Fight_Night_261,2025-07-29T14:58:05.888547
UFC 320: Ankalaev vs. Pereira 2,"Oct 4, 2025",T-Mobile Arena,Las Vegas,scheduled,numbered,https://en.wikipedia.org/wiki/UFC_320,2025-07-29T14:58:05.888598
UFC Fight Night 260,"Sep 28, 2025",RAC Arena,Perth,scheduled,numbered,https://en.wikipedia.org/wiki/UFC_Fight_Night_260,2025-07-29T14:58:05.888645
UFC Fight Night: Lopes vs. Silva,"Sep 13, 2025",Frost Bank Center,"San Antonio, Texas",scheduled,fight_night,https://en.wikipedia.org/wiki/UFC_Fight_Night:_Lopes_vs._Silva,2025-07-29T14:58:05.888694
UFC Fight Night: Imavov vs. Borralho,"Sep 6, 2025",Accor Arena,Paris,scheduled,fight_night,https://en.wikipedia.org/wiki/UFC_Fight_Night:_Imavov_vs._Borralho,2025-07-29T14:58:05.888741
UFC Fight Night: Walker vs. Zhang,"Aug 23, 2025",Shanghai Indoor Stadium,Shanghai,scheduled,fight_night,https://en.wikipedia.org/wiki/UFC_Fight_Night:_Walker_vs._Zhang,2025-07-29T14:58:05.888789
UFC 319: du Plessis vs. Chimaev,"Aug 16, 2025",United Center,"Chicago, Illinois",scheduled,numbered,https://en.wikipedia.org/wiki/UFC_319,2025-07-29T14:58:05.888835
UFC on ESPN: Dolidze vs. Hernandez,"Aug 9, 2025",UFC Apex,"Las Vegas, Nevada",scheduled,espn,https://en.wikipedia.org/wiki/UFC_on_ESPN:_Dolidze_vs._Hernandez,2025-07-29T14:58:05.888882
741,UFC on ABC: Whittaker vs. de Ridder,"Jul 26, 2025",Etihad Arena,completed,other,,2025-07-29T14:58:05.892636
740,UFC 318: Holloway vs. Poirier 3,"Jul 19, 2025",Smoothie King Center,completed,other,,2025-07-29T14:58:05.892696
739,UFC on ESPN: Lewis vs. Teixeira,"Jul 12, 2025",Bridgestone Arena,completed,other,,2025-07-29T14:58:05.892750
738,UFC 317: Topuria vs. Oliveira,"Jun 28, 2025",T-Mobile Arena,completed,other,,2025-07-29T14:58:05.892803
737,UFC on ABC: Hill vs. Rountree Jr.,"Jun 21, 2025",Baku Crystal Hall,completed,other,,2025-07-29T14:58:05.892854
736,UFC on ESPN: Usman vs. Buckley,"Jun 14, 2025",State Farm Arena,completed,other,,2025-07-29T14:58:05.892904
735,UFC 316: Dvalishvili vs. O'Malley 2,"Jun 7, 2025",Prudential Center,completed,other,,2025-07-29T14:58:05.892956
734,UFC on ESPN: Gamrot vs. Klein,"May 31, 2025",UFC Apex,completed,other,,2025-07-29T14:58:05.893004
733,UFC Fight Night: Burns vs. Morales,"May 17, 2025",[29],completed,other,,2025-07-29T14:58:05.893044
732,UFC 315: Muhammad vs. Della Maddalena,"May 10, 2025",Bell Centre,completed,other,,2025-07-29T14:58:05.893099
731,UFC on ESPN: Sandhagen vs. Figueiredo,"May 3, 2025",Wells Fargo Arena,completed,other,,2025-07-29T14:58:05.893151
730,UFC on ESPN: Machado Garry vs. Prates,"Apr 26, 2025",T-Mobile Center,completed,other,,2025-07-29T14:58:05.893202
729,UFC 314: Volkanovski vs. Lopes,"Apr 12, 2025",Kaseya Center,completed,other,,2025-07-29T14:58:05.893252
728,UFC on ESPN: Emmett vs. Murphy,"Apr 5, 2025",UFC Apex,completed,other,,2025-07-29T14:58:05.893300
727,UFC on ESPN: Moreno vs. Erceg,"Mar 29, 2025",Arena CDMX,completed,other,,2025-07-29T14:58:05.893349
726,UFC Fight Night: Edwards vs. Brady,"Mar 22, 2025",The O2 Arena,completed,other,,2025-07-29T14:58:05.893405
725,UFC Fight Night: Vettori vs. Dolidze 2,"Mar 15, 2025",UFC Apex,completed,other,,2025-07-29T14:58:05.893455
724,UFC 313: Pereira vs. Ankalaev,"Mar 8, 2025",T-Mobile Arena,completed,other,,2025-07-29T14:58:05.893502
723,UFC Fight Night: Kape vs. Almabayev,"Mar 1, 2025",UFC Apex,completed,other,,2025-07-29T14:58:05.893548
722,UFC Fight Night: Cejudo vs. Song,"Feb 22, 2025",Climate Pledge Arena,completed,other,,2025-07-29T14:58:05.893598
721,UFC Fight Night: Cannonier vs. Rodrigues,"Feb 15, 2025",UFC Apex,completed,other,,2025-07-29T14:58:05.893648
720,UFC 312: du Plessis vs. Strickland 2,"Feb 8, 2025",Qudos Bank Arena,completed,other,,2025-07-29T14:58:05.893700
719,UFC Fight Night: Adesanya vs. Imavov,"Feb 1, 2025",anb Arena,completed,other,,2025-07-29T14:58:05.893747
718,UFC 311: Makhachev vs. Moicano,"Jan 18, 2025",Intuit Dome,completed,other,,2025-07-29T14:58:05.893798
717,UFC Fight Night: Dern vs. Ribas 2,"Jan 11, 2025",UFC Apex,completed,other,,2025-07-29T14:58:05.893846
716,UFC on ESPN: Covington vs. Buckley,"Dec 14, 2024",Amalie Arena,completed,other,,2025-07-29T14:58:05.893897
715,UFC 310: Pantoja vs. Asakura,"Dec 7, 2024",T-Mobile Arena,completed,other,,2025-07-29T14:58:05.893947
714,UFC Fight Night: Yan vs. Figueiredo,"Nov 23, 2024",Galaxy Arena,completed,other,,2025-07-29T14:58:05.894008
713,UFC 309: Jones vs. Miocic,"Nov 16, 2024",Madison Square Garden,completed,other,,2025-07-29T14:58:05.894066
712,UFC Fight Night: Magny vs. Prates,"Nov 9, 2024",UFC Apex,completed,other,,2025-07-29T14:58:05.894125
711,UFC Fight Night: Moreno vs. Albazi,"Nov 2, 2024",Rogers Place,completed,other,,2025-07-29T14:58:05.894346
710,UFC 308: Topuria vs. Holloway,"Oct 26, 2024",Etihad Arena,completed,other,,2025-07-29T14:58:05.894400
709,UFC Fight Night: Hernandez vs. Pereira,"Oct 19, 2024",UFC Apex,completed,other,,2025-07-29T14:58:05.894462
708,UFC Fight Night: Royval vs. Taira,"Oct 12, 2024",[54],completed,other,,2025-07-29T14:58:05.894504
707,UFC 307: Pereira vs. Rountree Jr.,"Oct 5, 2024",Delta Center,completed,other,,2025-07-29T14:58:05.894559
706,UFC Fight Night: Moicano vs. Saint Denis,"Sep 28, 2024",Accor Arena,completed,other,,2025-07-29T14:58:05.894614
705,UFC 306: O'Malley vs. Dvalishvili,"Sep 14, 2024",Sphere,completed,other,,2025-07-29T14:58:05.894669
704,UFC Fight Night: Burns vs. Brady,"Sep 7, 2024",UFC Apex,completed,other,,2025-07-29T14:58:05.894716
703,UFC on ESPN: Cannonier vs. Borralho,"Aug 24, 2024",[59],completed,other,,2025-07-29T14:58:05.894759
702,UFC 305: du Plessis vs. Adesanya,"Aug 18, 2024",RAC Arena,completed,other,,2025-07-29T14:58:05.894812
701,UFC on ESPN: Tybura vs. Spivac 2,"Aug 10, 2024",UFC Apex,completed,other,,2025-07-29T14:58:05.894863
700,UFC on ABC: Sandhagen vs. Nurmagomedov,"Aug 3, 2024",Etihad Arena,completed,other,,2025-07-29T14:58:05.894915
699,UFC 304: Edwards vs. Muhammad 2,"Jul 27, 2024",Co-op Live,completed,other,,2025-07-29T14:58:05.894966
698,UFC on ESPN: Lemos vs. Jandiroba,"Jul 20, 2024",UFC Apex,completed,other,,2025-07-29T14:58:05.895017
697,UFC on ESPN: Namajunas vs. Cortez,"Jul 13, 2024",Ball Arena,completed,other,,2025-07-29T14:58:05.895069
696,UFC 303: Pereira vs. Procházka 2,"Jun 29, 2024",T-Mobile Arena,completed,other,,2025-07-29T14:58:05.895137
695,UFC on ABC: Whittaker vs. Aliskerov,"Jun 22, 2024",Kingdom Arena,completed,other,,2025-07-29T14:58:05.895187
694,UFC on ESPN: Perez vs. Taira,"Jun 15, 2024",UFC Apex,completed,other,,2025-07-29T14:58:05.895232
693,UFC on ESPN: Cannonier vs. Imavov,"Jun 8, 2024",KFC Yum! Center,completed,other,,2025-07-29T14:58:05.895283
692,UFC 302: Makhachev vs. Poirier,"Jun 1, 2024",Prudential Center,completed,other,,2025-07-29T14:58:05.895334
691,UFC Fight Night: Barboza vs. Murphy,"May 18, 2024",UFC Apex,completed,other,,2025-07-29T14:58:05.895383
690,UFC on ESPN: Lewis vs. Nascimento,"May 11, 2024",Enterprise Center,completed,other,,2025-07-29T14:58:05.895435
689,UFC 301: Pantoja vs. Erceg,"May 4, 2024",Farmasi Arena,completed,other,,2025-07-29T14:58:05.895484
688,UFC on ESPN: Nicolau vs. Perez,"Apr 27, 2024",UFC Apex,completed,other,,2025-07-29T14:58:05.895533
687,UFC 300: Pereira vs. Hill,"Apr 13, 2024",T-Mobile Arena,completed,other,,2025-07-29T14:58:05.895588
686,UFC Fight Night: Allen vs. Curtis 2,"Apr 6, 2024",UFC Apex,completed,other,,2025-07-29T14:58:05.895648
685,UFC on ESPN: Blanchfield vs. Fiorot,"Mar 30, 2024",Boardwalk Hall,completed,other,,2025-07-29T14:58:05.895713
684,UFC on ESPN: Ribas vs. Namajunas,"Mar 23, 2024",UFC Apex,completed,other,,2025-07-29T14:58:05.895771
683,UFC Fight Night: Tuivasa vs. Tybura,"Mar 16, 2024",[79],completed,other,,2025-07-29T14:58:05.895826
682,UFC 299: O'Malley vs. Vera 2,"Mar 9, 2024",Kaseya Center,completed,other,,2025-07-29T14:58:05.895879
681,UFC Fight Night: Rozenstruik vs. Gaziev,"Mar 2, 2024",UFC Apex,completed,other,,2025-07-29T14:58:05.895933
680,UFC Fight Night: Moreno vs. Royval 2,"Feb 24, 2024",Arena CDMX,completed,other,,2025-07-29T14:58:05.895987
679,UFC 298: Volkanovski vs. Topuria,"Feb 17, 2024",Honda Center,completed,other,,2025-07-29T14:58:05.896040
678,UFC Fight Night: Hermansson vs. Pyfer,"Feb 10, 2024",UFC Apex,completed,other,,2025-07-29T14:58:05.896093
677,UFC Fight Night: Dolidze vs. Imavov,"Feb 3, 2024",[85],completed,other,,2025-07-29T14:58:05.896135
676,UFC 297: Strickland vs. du Plessis,"Jan 20, 2024",Scotiabank Arena,completed,other,,2025-07-29T14:58:05.896189
675,UFC Fight Night: Ankalaev vs. Walker 2,"Jan 13, 2024",UFC Apex,completed,other,,2025-07-29T14:58:05.896241
674,UFC 296: Edwards vs. Covington,"Dec 16, 2023",T-Mobile Arena,completed,other,,2025-07-29T14:58:05.896290
673,UFC Fight Night: Song vs. Gutiérrez,"Dec 9, 2023",UFC Apex,completed,other,,2025-07-29T14:58:05.896337
672,UFC on ESPN: Dariush vs. Tsarukyan,"Dec 2, 2023",Moody Center,completed,other,,2025-07-29T14:58:05.896390
671,UFC Fight Night: Allen vs. Craig,"Nov 18, 2023",UFC Apex,completed,other,,2025-07-29T14:58:05.896440
670,UFC 295: Procházka vs. Pereira,"Nov 11, 2023",Madison Square Garden,completed,other,,2025-07-29T14:58:05.896493
669,UFC Fight Night: Almeida vs. Lewis,"Nov 4, 2023",Ginásio do Ibirapuera,completed,other,,2025-07-29T14:58:05.896546
668,UFC 294: Makhachev vs. Volkanovski 2,"Oct 21, 2023",Etihad Arena,completed,other,,2025-07-29T14:58:05.896599
667,UFC Fight Night: Yusuff vs. Barboza,"Oct 14, 2023",UFC Apex,completed,other,,2025-07-29T14:58:05.896648
666,UFC Fight Night: Dawson vs. Green,"Oct 7, 2023",[96],completed,other,,2025-07-29T14:58:05.896690
665,UFC Fight Night: Fiziev vs. Gamrot,"Sep 23, 2023",[97],completed,other,,2025-07-29T14:58:05.896731
664,UFC Fight Night: Grasso vs. Shevchenko 2,"Sep 16, 2023",T-Mobile Arena,completed,other,,2025-07-29T14:58:05.896783
663,UFC 293: Adesanya vs. Strickland,"Sep 10, 2023",Qudos Bank Arena,completed,other,,2025-07-29T14:58:05.896836
662,UFC Fight Night: Gane vs. Spivac,"Sep 2, 2023",Accor Arena,completed,other,,2025-07-29T14:58:05.896892
661,UFC Fight Night: Holloway vs. The Korean Zombie,"Aug 26, 2023",Singapore Indoor Stadium,completed,other,,2025-07-29T14:58:05.896954
660,UFC 292: Sterling vs. O'Malley,"Aug 19, 2023",TD Garden,completed,other,,2025-07-29T14:58:05.897013
659,UFC on ESPN: Luque vs. dos Anjos,"Aug 12, 2023",UFC Apex,completed,other,,2025-07-29T14:58:05.897072
658,UFC on ESPN: Sandhagen vs. Font,"Aug 5, 2023",Bridgestone Arena,completed,other,,2025-07-29T14:58:05.897128
657,UFC 291: Poirier vs. Gaethje 2,"Jul 29, 2023",Delta Center,completed,other,,2025-07-29T14:58:05.897237
656,UFC Fight Night: Aspinall vs. Tybura,"Jul 22, 2023",The O2 Arena,completed,other,,2025-07-29T14:58:05.897312
655,UFC on ESPN: Holm vs. Bueno Silva,"Jul 15, 2023",UFC Apex,completed,other,,2025-07-29T14:58:05.897368
654,UFC 290: Volkanovski vs. Rodríguez,"Jul 8, 2023",T-Mobile Arena,completed,other,,2025-07-29T14:58:05.897423
653,UFC on ESPN: Strickland vs. Magomedov,"Jul 1, 2023",UFC Apex,completed,other,,2025-07-29T14:58:05.897482
652,UFC on ABC: Emmett vs. Topuria,"Jun 24, 2023",VyStar Veterans Memorial Arena,completed,other,,2025-07-29T14:58:05.897535
651,UFC on ESPN: Vettori vs. Cannonier,"Jun 17, 2023",UFC Apex,completed,other,,2025-07-29T14:58:05.897586
650,UFC 289: Nunes vs. Aldana,"Jun 10, 2023",Rogers Arena,completed,other,,2025-07-29T14:58:05.897643
649,UFC on ESPN: Kara-France vs. Albazi,"Jun 3, 2023",UFC Apex,completed,other,,2025-07-29T14:58:05.897701
648,UFC Fight Night: Dern vs. Hill,"May 20, 2023",[114],completed,other,,2025-07-29T14:58:05.897747
647,UFC on ABC: Rozenstruik vs. Almeida,"May 13, 2023",Spectrum Center,completed,other,,2025-07-29T14:58:05.897808
646,UFC 288: Sterling vs. Cejudo,"May 6, 2023",Prudential Center,completed,other,,2025-07-29T14:58:05.897874
645,UFC on ESPN: Song vs. Simón,"Apr 29, 2023",UFC Apex,completed,other,,2025-07-29T14:58:05.897933
644,UFC Fight Night: Pavlovich vs. Blaydes,"Apr 22, 2023",[118],completed,other,,2025-07-29T14:58:05.897977
643,UFC on ESPN: Holloway vs. Allen,"Apr 15, 2023",T-Mobile Center,completed,other,,2025-07-29T14:58:05.898045
642,UFC 287: Pereira vs. Adesanya 2,"Apr 8, 2023",Kaseya Center,completed,other,,2025-07-29T14:58:05.898097
641,UFC on ESPN: Vera vs. Sandhagen,"Mar 25, 2023",Frost Bank Center,completed,other,,2025-07-29T14:58:05.898149
640,UFC 286: Edwards vs. Usman 3,"Mar 18, 2023",The O2 Arena,completed,other,,2025-07-29T14:58:05.898201
639,UFC Fight Night: Yan vs. Dvalishvili,"Mar 11, 2023",The Theater at Virgin Hotels,completed,other,,2025-07-29T14:58:05.898253
638,UFC 285: Jones vs. Gane,"Mar 4, 2023",T-Mobile Arena,completed,other,,2025-07-29T14:58:05.898298
637,UFC Fight Night: Muniz vs. Allen,"Feb 25, 2023",UFC Apex,completed,other,,2025-07-29T14:58:05.898343
636,UFC Fight Night: Andrade vs. Blanchfield,"Feb 18, 2023",[126],completed,other,,2025-07-29T14:58:05.898387
635,UFC 284: Makhachev vs. Volkanovski,"Feb 12, 2023",RAC Arena,completed,other,,2025-07-29T14:58:05.898439
634,UFC Fight Night: Lewis vs. Spivac,"Feb 4, 2023",UFC Apex,completed,other,,2025-07-29T14:58:05.898510
633,UFC 283: Teixeira vs. Hill,"Jan 21, 2023",Jeunesse Arena,completed,other,,2025-07-29T14:58:05.898561
632,UFC Fight Night: Strickland vs. Imavov,"Jan 14, 2023",UFC Apex,completed,other,,2025-07-29T14:58:05.898613
631,UFC Fight Night: Cannonier vs. Strickland,"Dec 17, 2022",[131],completed,other,,2025-07-29T14:58:05.898655
630,UFC 282: Błachowicz vs. Ankalaev,"Dec 10, 2022",T-Mobile Arena,completed,other,,2025-07-29T14:58:05.898706
629,UFC on ESPN: Thompson vs. Holland,"Dec 3, 2022",Kia Center,completed,other,,2025-07-29T14:58:05.898757
628,UFC Fight Night: Nzechukwu vs. Cuțelaba,"Nov 19, 2022",UFC Apex,completed,other,,2025-07-29T14:58:05.898809
627,UFC 281: Adesanya vs. Pereira,"Nov 12, 2022",Madison Square Garden,completed,other,,2025-07-29T14:58:05.898860
626,UFC Fight Night: Rodriguez vs. Lemos,"Nov 5, 2022",UFC Apex,completed,other,,2025-07-29T14:58:05.898910
625,UFC Fight Night: Kattar vs. Allen,"Oct 29, 2022",[137],completed,other,,2025-07-29T14:58:05.898949
624,UFC 280: Oliveira vs. Makhachev,"Oct 22, 2022",Etihad Arena,completed,other,,2025-07-29T14:58:05.899000
623,UFC Fight Night: Grasso vs. Araújo,"Oct 15, 2022",UFC Apex,completed,other,,2025-07-29T14:58:05.899050
622,UFC Fight Night: Dern vs. Yan,"Oct 1, 2022",[140],completed,other,,2025-07-29T14:58:05.899088
621,UFC Fight Night: Sandhagen vs. Song,"Sep 17, 2022",[141],completed,other,,2025-07-29T14:58:05.899129
620,UFC 279: Diaz vs. Ferguson,"Sep 10, 2022",T-Mobile Arena,completed,other,,2025-07-29T14:58:05.899174
619,UFC Fight Night: Gane vs. Tuivasa,"Sep 3, 2022",Accor Arena,completed,other,,2025-07-29T14:58:05.899224
618,UFC 278: Usman vs. Edwards 2,"Aug 20, 2022",Vivint Arena,completed,other,,2025-07-29T14:58:05.899275
617,UFC on ESPN: Vera vs. Cruz,"Aug 13, 2022",Pechanga Arena,completed,other,,2025-07-29T14:58:05.899324
616,UFC on ESPN: Santos vs. Hill,"Aug 6, 2022",UFC Apex,completed,other,,2025-07-29T14:58:05.899371
615,UFC 277: Peña vs. Nunes 2,"Jul 30, 2022",American Airlines Center,completed,other,,2025-07-29T14:58:05.899426
614,UFC Fight Night: Blaydes vs. Aspinall,"Jul 23, 2022",The O2 Arena,completed,other,,2025-07-29T14:58:05.899478
613,UFC on ABC: Ortega vs. Rodríguez,"Jul 16, 2022",UBS Arena,completed,other,,2025-07-29T14:58:05.899528
612,UFC on ESPN: dos Anjos vs. Fiziev,"Jul 9, 2022",UFC Apex,completed,other,,2025-07-29T14:58:05.899577
611,UFC 276: Adesanya vs. Cannonier,"Jul 2, 2022",T-Mobile Arena,completed,other,,2025-07-29T14:58:05.899625
610,UFC on ESPN: Tsarukyan vs. Gamrot,"Jun 25, 2022",UFC Apex,completed,other,,2025-07-29T14:58:05.899670
609,UFC on ESPN: Kattar vs. Emmett,"Jun 18, 2022",Moody Center,completed,other,,2025-07-29T14:58:05.899719
608,UFC 275: Teixeira vs. Procházka,"Jun 12, 2022",Singapore Indoor Stadium,completed,other,,2025-07-29T14:58:05.899770
607,UFC Fight Night: Volkov vs. Rozenstruik,"Jun 4, 2022",UFC Apex,completed,other,,2025-07-29T14:58:05.899823
606,UFC Fight Night: Holm vs. Vieira,"May 21, 2022",[156],completed,other,,2025-07-29T14:58:05.899862
605,UFC on ESPN: Błachowicz vs. Rakić,"May 14, 2022",[157],completed,other,,2025-07-29T14:58:05.899904
604,UFC 274: Oliveira vs. Gaethje,"May 7, 2022",Footprint Center,completed,other,,2025-07-29T14:58:05.899955
603,UFC on ESPN: Font vs. Vera,"Apr 30, 2022",UFC Apex,completed,other,,2025-07-29T14:58:05.900003
602,UFC Fight Night: Lemos vs. Andrade,"Apr 23, 2022",[160],completed,other,,2025-07-29T14:58:05.900042
601,UFC on ESPN: Luque vs. Muhammad 2,"Apr 16, 2022",[161],completed,other,,2025-07-29T14:58:05.900082
600,UFC 273: Volkanovski vs. The Korean Zombie,"Apr 9, 2022",VyStar Veterans Memorial Arena,completed,other,,2025-07-29T14:58:05.900137
599,UFC on ESPN: Blaydes vs. Daukaus,"Mar 26, 2022",Nationwide Arena,completed,other,,2025-07-29T14:58:05.900191
598,UFC Fight Night: Volkov vs. Aspinall,"Mar 19, 2022",The O2 Arena,completed,other,,2025-07-29T14:58:05.900245
597,UFC Fight Night: Santos vs. Ankalaev,"Mar 12, 2022",UFC Apex,completed,other,,2025-07-29T14:58:05.900295
596,UFC 272: Covington vs. Masvidal,"Mar 5, 2022",T-Mobile Arena,completed,other,,2025-07-29T14:58:05.900343
595,UFC Fight Night: Makhachev vs. Green,"Feb 26, 2022",UFC Apex,completed,other,,2025-07-29T14:58:05.900390
594,UFC Fight Night: Walker vs. Hill,"Feb 19, 2022",[168],completed,other,,2025-07-29T14:58:05.900438
593,UFC 271: Adesanya vs. Whittaker 2,"Feb 12, 2022",Toyota Center,completed,other,,2025-07-29T14:58:05.900502
592,UFC Fight Night: Hermansson vs. Strickland,"Feb 5, 2022",UFC Apex,completed,other,,2025-07-29T14:58:05.900557
591,UFC 270: Ngannou vs. Gane,"Jan 22, 2022",Honda Center,completed,other,,2025-07-29T14:58:05.900609
590,UFC on ESPN: Kattar vs. Chikadze,"Jan 15, 2022",UFC Apex,completed,other,,2025-07-29T14:58:05.900668
589,UFC Fight Night: Lewis vs. Daukaus,"Dec 18, 2021",[173],completed,other,,2025-07-29T14:58:05.900711
588,UFC 269: Oliveira vs. Poirier,"Dec 11, 2021",T-Mobile Arena,completed,other,,2025-07-29T14:58:05.900758
587,UFC on ESPN: Font vs. Aldo,"Dec 4, 2021",UFC Apex,completed,other,,2025-07-29T14:58:05.900801
586,UFC Fight Night: Vieira vs. Tate,"Nov 20, 2021",[176],completed,other,,2025-07-29T14:58:05.900841
585,UFC Fight Night: Holloway vs. Rodríguez,"Nov 13, 2021",[177],completed,other,,2025-07-29T14:58:05.900882
584,UFC 268: Usman vs. Covington 2,"Nov 6, 2021",Madison Square Garden,completed,other,,2025-07-29T14:58:05.900934
583,UFC 267: Błachowicz vs. Teixeira,"Oct 30, 2021",Etihad Arena,completed,other,,2025-07-29T14:58:05.900986
582,UFC Fight Night: Costa vs. Vettori,"Oct 23, 2021",UFC Apex,completed,other,,2025-07-29T14:58:05.901035
581,UFC Fight Night: Ladd vs. Dumont,"Oct 16, 2021",[181],completed,other,,2025-07-29T14:58:05.901075
580,UFC Fight Night: Dern vs. Rodriguez,"Oct 9, 2021",[182],completed,other,,2025-07-29T14:58:05.901115
579,UFC Fight Night: Santos vs. Walker,"Oct 2, 2021",[183],completed,other,,2025-07-29T14:58:05.901154
578,UFC 266: Volkanovski vs. Ortega,"Sep 25, 2021",T-Mobile Arena,completed,other,,2025-07-29T14:58:05.901202
577,UFC Fight Night: Smith vs. Spann,"Sep 18, 2021",UFC Apex,completed,other,,2025-07-29T14:58:05.901247
576,UFC Fight Night: Brunson vs. Till,"Sep 4, 2021",[186],completed,other,,2025-07-29T14:58:05.901286
575,UFC on ESPN: Barboza vs. Chikadze,"Aug 28, 2021",[187],completed,other,,2025-07-29T14:58:05.901326
574,UFC on ESPN: Cannonier vs. Gastelum,"Aug 21, 2021",[188],completed,other,,2025-07-29T14:58:05.901372
573,UFC 265: Lewis vs. Gane,"Aug 7, 2021",Toyota Center,completed,other,,2025-07-29T14:58:05.901424
572,UFC on ESPN: Hall vs. Strickland,"Jul 31, 2021",UFC Apex,completed,other,,2025-07-29T14:58:05.901473
571,UFC on ESPN: Sandhagen vs. Dillashaw,"Jul 24, 2021",51,completed,other,,2025-07-29T14:58:05.901517
570,UFC on ESPN: Makhachev vs. Moisés,"Jul 17, 2021",0,completed,other,,2025-07-29T14:58:05.901562
569,UFC 264: Poirier vs. McGregor 3,"Jul 10, 2021",T-Mobile Arena,completed,other,,2025-07-29T14:58:05.901610
568,UFC Fight Night: Gane vs. Volkov,"Jun 26, 2021",UFC Apex,completed,other,,2025-07-29T14:58:05.901660
567,UFC on ESPN: The Korean Zombie vs. Ige,"Jun 19, 2021",[195],completed,other,,2025-07-29T14:58:05.901701
566,UFC 263: Adesanya vs. Vettori 2,"Jun 12, 2021",Gila River Arena,completed,other,,2025-07-29T14:58:05.901751
565,UFC Fight Night: Rozenstruik vs. Sakai,"Jun 5, 2021",UFC Apex,completed,other,,2025-07-29T14:58:05.901806
564,UFC Fight Night: Font vs. Garbrandt,"May 22, 2021",[198],completed,other,,2025-07-29T14:58:05.901847
563,UFC 262: Oliveira vs. Chandler,"May 15, 2021",Toyota Center,completed,other,,2025-07-29T14:58:05.901898
562,UFC on ESPN: Rodriguez vs. Waterson,"May 8, 2021",UFC Apex,completed,other,,2025-07-29T14:58:05.901950
561,UFC on ESPN: Reyes vs. Procházka,"May 1, 2021",[201],completed,other,,2025-07-29T14:58:05.901991
560,UFC 261: Usman vs. Masvidal 2,"Apr 24, 2021",VyStar Veterans Memorial Arena,completed,other,,2025-07-29T14:58:05.902041
559,UFC on ESPN: Whittaker vs. Gastelum,"Apr 17, 2021",UFC Apex,completed,other,,2025-07-29T14:58:05.902094
558,UFC on ABC: Vettori vs. Holland,"Apr 10, 2021",[204],completed,other,,2025-07-29T14:58:05.902141
557,UFC 260: Miocic vs. Ngannou 2,"Mar 27, 2021",[205],completed,other,,2025-07-29T14:58:05.902182
556,UFC on ESPN: Brunson vs. Holland,"Mar 20, 2021",[206],completed,other,,2025-07-29T14:58:05.902221
555,UFC Fight Night: Edwards vs. Muhammad,"Mar 13, 2021",[207],completed,other,,2025-07-29T14:58:05.902261
554,UFC 259: Błachowicz vs. Adesanya,"Mar 6, 2021",[208],completed,other,,2025-07-29T14:58:05.902302
553,UFC Fight Night: Rozenstruik vs. Gane,"Feb 27, 2021",[209],completed,other,,2025-07-29T14:58:05.902343
552,UFC Fight Night: Blaydes vs. Lewis,"Feb 20, 2021",[210],completed,other,,2025-07-29T14:58:05.902383
551,UFC 258: Usman vs. Burns,"Feb 13, 2021",[211],completed,other,,2025-07-29T14:58:05.902421
550,UFC Fight Night: Overeem vs. Volkov,"Feb 6, 2021",[212],completed,other,,2025-07-29T14:58:05.902461
549,UFC 257: Poirier vs. McGregor 2,"Jan 24, 2021",Etihad Arena,completed,other,,2025-07-29T14:58:05.902512
548,UFC on ESPN: Chiesa vs. Magny,"Jan 20, 2021","2,000",completed,other,,2025-07-29T14:58:05.902553
547,UFC on ABC: Holloway vs. Kattar,"Jan 16, 2021",[215],completed,other,,2025-07-29T14:58:05.902592
546,UFC Fight Night: Thompson vs. Neal,"Dec 19, 2020",UFC Apex,completed,other,,2025-07-29T14:58:05.902645
545,UFC 256: Figueiredo vs. Moreno,"Dec 12, 2020",[217],completed,other,,2025-07-29T14:58:05.902684
544,UFC on ESPN: Hermansson vs. Vettori,"Dec 5, 2020",[218],completed,other,,2025-07-29T14:58:05.902724
543,UFC on ESPN: Smith vs. Clark,"Nov 28, 2020",[219],completed,other,,2025-07-29T14:58:05.902762
542,UFC 255: Figueiredo vs. Perez,"Nov 21, 2020",[220],completed,other,,2025-07-29T14:58:05.902802
541,UFC Fight Night: Felder vs. dos Anjos,"Nov 14, 2020",[221],completed,other,,2025-07-29T14:58:05.902841
540,UFC on ESPN: Santos vs. Teixeira,"Nov 7, 2020",[222],completed,other,,2025-07-29T14:58:05.902881
539,UFC Fight Night: Hall vs. Silva,"Oct 31, 2020",[223],completed,other,,2025-07-29T14:58:05.902920
538,UFC 254: Khabib vs. Gaethje,"Oct 24, 2020",du Forum,completed,other,,2025-07-29T14:58:05.902965
537,UFC Fight Night: Ortega vs. The Korean Zombie,"Oct 18, 2020",[225],completed,other,,2025-07-29T14:58:05.903006
536,UFC Fight Night: Moraes vs. Sandhagen,"Oct 11, 2020",[226],completed,other,,2025-07-29T14:58:05.903049
535,UFC on ESPN: Holm vs. Aldana,"Oct 4, 2020",[227],completed,other,,2025-07-29T14:58:05.903087
534,UFC 253: Adesanya vs. Costa,"Sep 27, 2020",[228],completed,other,,2025-07-29T14:58:05.903126
533,UFC Fight Night: Covington vs. Woodley,"Sep 19, 2020",UFC Apex,completed,other,,2025-07-29T14:58:05.903173
532,UFC Fight Night: Waterson vs. Hill,"Sep 12, 2020",[230],completed,other,,2025-07-29T14:58:05.903213
531,UFC Fight Night: Overeem vs. Sakai,"Sep 5, 2020",[231],completed,other,,2025-07-29T14:58:05.903253
530,UFC Fight Night: Smith vs. Rakić,"Aug 29, 2020",[232],completed,other,,2025-07-29T14:58:05.903294
529,UFC on ESPN: Munhoz vs. Edgar,"Aug 22, 2020",[233],completed,other,,2025-07-29T14:58:05.903334
528,UFC 252: Miocic vs. Cormier 3,"Aug 15, 2020",[234],completed,other,,2025-07-29T14:58:05.903373
527,UFC Fight Night: Lewis vs. Oleinik,"Aug 8, 2020",[235],completed,other,,2025-07-29T14:58:05.903412
526,UFC Fight Night: Brunson vs. Shahbazyan,"Aug 1, 2020",[236],completed,other,,2025-07-29T14:58:05.903453
525,UFC on ESPN: Whittaker vs. Till,"Jul 26, 2020",du Forum,completed,other,,2025-07-29T14:58:05.903499
524,UFC Fight Night: Figueiredo vs. Benavidez 2,"Jul 19, 2020",[238],completed,other,,2025-07-29T14:58:05.903542
523,UFC on ESPN: Kattar vs. Ige,"Jul 16, 2020",[239],completed,other,,2025-07-29T14:58:05.903580
522,UFC 251: Usman vs. Masvidal,"Jul 12, 2020",[240],completed,other,,2025-07-29T14:58:05.903618
521,UFC on ESPN: Poirier vs. Hooker,"Jun 27, 2020",UFC Apex,completed,other,,2025-07-29T14:58:05.903664
520,UFC on ESPN: Blaydes vs. Volkov,"Jun 20, 2020",[242],completed,other,,2025-07-29T14:58:05.903703
519,UFC on ESPN: Eye vs. Calvillo,"Jun 13, 2020",[243],completed,other,,2025-07-29T14:58:05.903741
518,UFC 250: Nunes vs. Spencer,"Jun 6, 2020",[244],completed,other,,2025-07-29T14:58:05.903779
517,UFC on ESPN: Woodley vs. Burns,"May 30, 2020",[245],completed,other,,2025-07-29T14:58:05.903818
516,UFC on ESPN: Overeem vs. Harris,"May 16, 2020",VyStar Veterans Memorial Arena,completed,other,,2025-07-29T14:58:05.903864
515,UFC Fight Night: Smith vs. Teixeira,"May 13, 2020",[247],completed,other,,2025-07-29T14:58:05.903904
514,UFC 249: Ferguson vs. Gaethje,"May 9, 2020",[248],completed,other,,2025-07-29T14:58:05.903943
—,UFC Fight Night: Hermansson vs. Weidman,"May 2, 2020",Chesapeake Energy Arena,completed,other,,2025-07-29T14:58:05.903993
—,UFC Fight Night: Smith vs. Teixeira,"Apr 25, 2020",Pinnacle Bank Arena,completed,other,,2025-07-29T14:58:05.904031
—,UFC Fight Night: Overeem vs. Harris,"Apr 11, 2020",Moda Center,completed,other,,2025-07-29T14:58:05.904080
—,UFC on ESPN: Ngannou vs. Rozenstruik,"Mar 28, 2020",Nationwide Arena,completed,other,,2025-07-29T14:58:05.904118
—,UFC Fight Night: Woodley vs. Edwards,"Mar 21, 2020",The O2 Arena,completed,other,,2025-07-29T14:58:05.904158
513,UFC Fight Night: Lee vs. Oliveira,"Mar 14, 2020",Ginásio Nilson Nelson,completed,other,,2025-07-29T14:58:05.904213
512,UFC 248: Adesanya vs. Romero,"Mar 7, 2020",T-Mobile Arena,completed,other,,2025-07-29T14:58:05.904263
511,UFC Fight Night: Benavidez vs. Figueiredo,"Feb 29, 2020",Chartway Arena,completed,other,,2025-07-29T14:58:05.904315
510,UFC Fight Night: Felder vs. Hooker,"Feb 23, 2020",Spark Arena,completed,other,,2025-07-29T14:58:05.904364
509,UFC Fight Night: Anderson vs. Błachowicz 2,"Feb 15, 2020",Santa Ana Star Center,completed,other,,2025-07-29T14:58:05.904418
508,UFC 247: Jones vs. Reyes,"Feb 8, 2020",Toyota Center,completed,other,,2025-07-29T14:58:05.904466
507,UFC Fight Night: Blaydes vs. dos Santos,"Jan 25, 2020",PNC Arena,completed,other,,2025-07-29T14:58:05.904517
506,UFC 246: McGregor vs. Cowboy,"Jan 18, 2020",T-Mobile Arena,completed,other,,2025-07-29T14:58:05.904566
505,UFC Fight Night: Edgar vs. The Korean Zombie,"Dec 21, 2019",Sajik Arena,completed,other,,2025-07-29T14:58:05.904618
504,UFC 245: Usman vs. Covington,"Dec 14, 2019",T-Mobile Arena,completed,other,,2025-07-29T14:58:05.904668
503,UFC on ESPN: Overeem vs. Rozenstruik,"Dec 7, 2019",Capital One Arena,completed,other,,2025-07-29T14:58:05.904719
502,UFC Fight Night: Błachowicz vs. Jacaré,"Nov 16, 2019",Ginásio do Ibirapuera,completed,other,,2025-07-29T14:58:05.904771
501,UFC Fight Night: Magomedsharipov vs. Kattar,"Nov 9, 2019",CSKA Arena,completed,other,,2025-07-29T14:58:05.904824
500,UFC 244: Masvidal vs. Diaz,"Nov 2, 2019",Madison Square Garden,completed,other,,2025-07-29T14:58:05.904874
499,UFC Fight Night: Maia vs. Askren,"Oct 26, 2019",Singapore Indoor Stadium,completed,other,,2025-07-29T14:58:05.904924
498,UFC on ESPN: Reyes vs. Weidman,"Oct 18, 2019",TD Garden,completed,other,,2025-07-29T14:58:05.904973
497,UFC Fight Night: Joanna vs. Waterson,"Oct 12, 2019",Amalie Arena,completed,other,,2025-07-29T14:58:05.905024
496,UFC 243: Whittaker vs. Adesanya,"Oct 5, 2019",Marvel Stadium,completed,other,,2025-07-29T14:58:05.905074
495,UFC Fight Night: Hermansson vs. Cannonier,"Sep 28, 2019",Royal Arena,completed,other,,2025-07-29T14:58:05.905126
494,UFC Fight Night: Rodríguez vs. Stephens,"Sep 21, 2019",Arena Ciudad de México,completed,other,,2025-07-29T14:58:05.905178
493,UFC Fight Night: Cowboy vs. Gaethje,"Sep 14, 2019",Rogers Arena,completed,other,,2025-07-29T14:58:05.905228
492,UFC 242: Khabib vs. Poirier,"Sep 7, 2019",Yas Island,completed,other,,2025-07-29T14:58:05.905268
491,UFC Fight Night: Andrade vs. Zhang,"Aug 31, 2019",Shenzhen Universiade Sports Centre,completed,other,,2025-07-29T14:58:05.905319
490,UFC 241: Cormier vs. Miocic 2,"Aug 17, 2019",Honda Center,completed,other,,2025-07-29T14:58:05.905368
489,UFC Fight Night: Shevchenko vs. Carmouche 2,"Aug 10, 2019",Antel Arena,completed,other,,2025-07-29T14:58:05.905421
488,UFC on ESPN: Covington vs. Lawler,"Aug 3, 2019",Prudential Center,completed,other,,2025-07-29T14:58:05.905472
487,UFC 240: Holloway vs. Edgar,"Jul 27, 2019",Rogers Place,completed,other,,2025-07-29T14:58:05.905523
486,UFC on ESPN: dos Anjos vs. Edwards,"Jul 20, 2019",AT&T Center,completed,other,,2025-07-29T14:58:05.905573
485,UFC Fight Night: de Randamie vs. Ladd,"Jul 13, 2019",Golden 1 Center,completed,other,,2025-07-29T14:58:05.905624
484,UFC 239: Jones vs. Santos,"Jul 6, 2019",T-Mobile Arena,completed,other,,2025-07-29T14:58:05.905673
483,UFC on ESPN: Ngannou vs. dos Santos,"Jun 29, 2019",Target Center,completed,other,,2025-07-29T14:58:05.905723
482,UFC Fight Night: Moicano vs. The Korean Zombie,"Jun 22, 2019",Bon Secours Wellness Arena,completed,other,,2025-07-29T14:58:05.905775
481,UFC 238: Cejudo vs. Moraes,"Jun 8, 2019",United Center,completed,other,,2025-07-29T14:58:05.905824
480,UFC Fight Night: Gustafsson vs. Smith,"Jun 1, 2019",Avicii Arena,completed,other,,2025-07-29T14:58:05.905876
479,UFC Fight Night: dos Anjos vs. Lee,"May 18, 2019",Blue Cross Arena,completed,other,,2025-07-29T14:58:05.905926
478,UFC 237: Namajunas vs. Andrade,"May 11, 2019",Jeunesse Arena,completed,other,,2025-07-29T14:58:05.905977
477,UFC Fight Night: Iaquinta vs. Cowboy,"May 4, 2019",Canadian Tire Centre,completed,other,,2025-07-29T14:58:05.906027
476,UFC Fight Night: Jacaré vs. Hermansson,"Apr 27, 2019",Amerat Bank Arena,completed,other,,2025-07-29T14:58:05.906079
475,UFC Fight Night: Overeem vs. Oleinik,"Apr 20, 2019",Yubileyny Sports Palace,completed,other,,2025-07-29T14:58:05.906130
474,UFC 236: Holloway vs. Poirier 2,"Apr 13, 2019",State Farm Arena,completed,other,,2025-07-29T14:58:05.906180
473,UFC on ESPN: Barboza vs. Gaethje,"Mar 30, 2019",Wells Fargo Center,completed,other,,2025-07-29T14:58:05.906230
472,UFC Fight Night: Thompson vs. Pettis,"Mar 23, 2019",Bridgestone Arena,completed,other,,2025-07-29T14:58:05.906280
471,UFC Fight Night: Till vs. Masvidal,"Mar 16, 2019",The O2 Arena,completed,other,,2025-07-29T14:58:05.906332
470,UFC Fight Night: Lewis vs. dos Santos,"Mar 9, 2019",Intrust Bank Arena,completed,other,,2025-07-29T14:58:05.906384
469,UFC 235: Jones vs. Smith,"Mar 2, 2019",T-Mobile Arena,completed,other,,2025-07-29T14:58:05.906435
468,UFC Fight Night: Błachowicz vs. Santos,"Feb 23, 2019",O2 Arena,completed,other,,2025-07-29T14:58:05.906488
467,UFC on ESPN: Ngannou vs. Velasquez,"Feb 17, 2019",Talking Stick Resort Arena,completed,other,,2025-07-29T14:58:05.906540
466,UFC 234: Adesanya vs. Silva,"Feb 10, 2019",Rod Laver Arena,completed,other,,2025-07-29T14:58:05.906590
465,UFC Fight Night: Assunção vs. Moraes 2,"Feb 2, 2019",Centro de Formação Olímpica do Nordeste,completed,other,,2025-07-29T14:58:05.906641
—,UFC 233: Cejudo vs. Dillashaw,"Jan 26, 2019",Honda Center,completed,other,,2025-07-29T14:58:05.906690
464,UFC Fight Night: Cejudo vs. Dillashaw,"Jan 19, 2019",Barclays Center,completed,other,,2025-07-29T14:58:05.906743
463,UFC 232: Jones vs. Gustafsson 2,"Dec 29, 2018",The Forum,completed,other,,2025-07-29T14:58:05.906795
462,UFC on Fox: Lee vs. Iaquinta 2,"Dec 15, 2018",Fiserv Forum,completed,other,,2025-07-29T14:58:05.906848
461,UFC 231: Holloway vs. Ortega,"Dec 8, 2018",Scotiabank Arena,completed,other,,2025-07-29T14:58:05.906899
460,UFC Fight Night: dos Santos vs. Tuivasa,"Dec 2, 2018",Adelaide Entertainment Centre,completed,other,,2025-07-29T14:58:05.906951
459,The Ultimate Fighter: Heavy Hitters Finale,"Nov 30, 2018",Pearl Theatre,completed,other,,2025-07-29T14:58:05.907005
458,UFC Fight Night: Blaydes vs. Ngannou 2,"Nov 24, 2018",Cadillac Arena,completed,other,,2025-07-29T14:58:05.907057
457,UFC Fight Night: Magny vs. Ponzinibbio,"Nov 17, 2018",Estadio Mary Terán de Weiss,completed,other,,2025-07-29T14:58:05.907112
456,UFC Fight Night: The Korean Zombie vs. Rodríguez,"Nov 10, 2018",Pepsi Center,completed,other,,2025-07-29T14:58:05.907167
455,UFC 230: Cormier vs. Lewis,"Nov 3, 2018",Madison Square Garden,completed,other,,2025-07-29T14:58:05.907218
454,UFC Fight Night: Volkan vs. Smith,"Oct 27, 2018",Avenir Centre,completed,other,,2025-07-29T14:58:05.907269
453,UFC 229: Khabib vs. McGregor,"Oct 6, 2018",T-Mobile Arena,completed,other,,2025-07-29T14:58:05.907320
452,UFC Fight Night: Santos vs. Anders,"Sep 22, 2018",Ginásio do Ibirapuera,completed,other,,2025-07-29T14:58:05.907394
451,UFC Fight Night: Hunt vs. Oleinik,"Sep 15, 2018",Olimpiyskiy Stadium,completed,other,,2025-07-29T14:58:05.907446
450,UFC 228: Woodley vs. Till,"Sep 8, 2018",American Airlines Center,completed,other,,2025-07-29T14:58:05.907499
449,UFC Fight Night: Gaethje vs. Vick,"Aug 25, 2018",Pinnacle Bank Arena,completed,other,,2025-07-29T14:58:05.907552
448,UFC 227: Dillashaw vs. Garbrandt 2,"Aug 4, 2018",Staples Center,completed,other,,2025-07-29T14:58:05.907608
447,UFC on Fox: Alvarez vs. Poirier 2,"Jul 28, 2018",Scotiabank Saddledome,completed,other,,2025-07-29T14:58:05.907661
446,UFC Fight Night: Shogun vs. Smith,"Jul 22, 2018",Barclaycard Arena,completed,other,,2025-07-29T14:58:05.907726
445,UFC Fight Night: dos Santos vs. Ivanov,"Jul 14, 2018",CenturyLink Arena,completed,other,,2025-07-29T14:58:05.907780
444,UFC 226: Miocic vs. Cormier,"Jul 7, 2018",T-Mobile Arena,completed,other,,2025-07-29T14:58:05.907831
443,The Ultimate Fighter: Undefeated Finale,"Jul 6, 2018",Palms Casino Resort,completed,other,,2025-07-29T14:58:05.907884
442,UFC Fight Night: Cowboy vs. Edwards,"Jun 23, 2018",Singapore Indoor Stadium,completed,other,,2025-07-29T14:58:05.907936
441,UFC 225: Whittaker vs. Romero 2,"Jun 9, 2018",United Center,completed,other,,2025-07-29T14:58:05.907987
440,UFC Fight Night: Rivera vs. Moraes,"Jun 1, 2018",Adirondack Bank Center,completed,other,,2025-07-29T14:58:05.908039
439,UFC Fight Night: Thompson vs. Till,"May 27, 2018",Echo Arena,completed,other,,2025-07-29T14:58:05.908093
438,UFC Fight Night: Maia vs. Usman,"May 19, 2018",Movistar Arena,completed,other,,2025-07-29T14:58:05.908149
437,UFC 224: Nunes vs. Pennington,"May 12, 2018",Jeunesse Arena,completed,other,,2025-07-29T14:58:05.908201
436,UFC Fight Night: Barboza vs. Lee,"Apr 21, 2018",Boardwalk Hall,completed,other,,2025-07-29T14:58:05.908253
435,UFC on Fox: Poirier vs. Gaethje,"Apr 14, 2018",Gila River Arena,completed,other,,2025-07-29T14:58:05.908318
434,UFC 223: Khabib vs. Iaquinta,"Apr 7, 2018",Barclays Center,completed,other,,2025-07-29T14:58:05.908372
433,UFC Fight Night: Werdum vs. Volkov,"Mar 17, 2018",The O2 Arena,completed,other,,2025-07-29T14:58:05.908424
432,UFC 222: Cyborg vs. Kunitskaya,"Mar 3, 2018",T-Mobile Arena,completed,other,,2025-07-29T14:58:05.908477
431,UFC on Fox: Emmett vs. Stephens,"Feb 24, 2018",Amway Center,completed,other,,2025-07-29T14:58:05.908543
430,UFC Fight Night: Cowboy vs. Medeiros,"Feb 18, 2018",Frank Erwin Center,completed,other,,2025-07-29T14:58:05.908595
429,UFC 221: Romero vs. Rockhold,"Feb 11, 2018",Perth Arena,completed,other,,2025-07-29T14:58:05.908651
428,UFC Fight Night: Machida vs. Anders,"Feb 3, 2018",Arena Guilherme Paraense,completed,other,,2025-07-29T14:58:05.908701
427,UFC on Fox: Jacaré vs. Brunson 2,"Jan 27, 2018",Spectrum Center,completed,other,,2025-07-29T14:58:05.908752
426,UFC 220: Miocic vs. Ngannou,"Jan 20, 2018",TD Garden,completed,other,,2025-07-29T14:58:05.908803
425,UFC Fight Night: Stephens vs. Choi,"Jan 14, 2018",Scottrade Center,completed,other,,2025-07-29T14:58:05.908858
424,UFC 219: Cyborg vs. Holm,"Dec 30, 2017",T-Mobile Arena,completed,other,,2025-07-29T14:58:05.908909
423,UFC on Fox: Lawler vs. dos Anjos,"Dec 16, 2017",Canada Life Centre,completed,other,,2025-07-29T14:58:05.908962
422,UFC Fight Night: Swanson vs. Ortega,"Dec 9, 2017",Save Mart Center,completed,other,,2025-07-29T14:58:05.909015
421,UFC 218: Holloway vs. Aldo 2,"Dec 2, 2017",Little Caesars Arena,completed,other,,2025-07-29T14:58:05.909067
420,The Ultimate Fighter: A New World Champion Finale,"Dec 1, 2017",Park Theater,completed,other,,2025-07-29T14:58:05.909114
419,UFC Fight Night: Bisping vs. Gastelum,"Nov 25, 2017",Mercedes-Benz Arena,completed,other,,2025-07-29T14:58:05.909167
418,UFC Fight Night: Werdum vs. Tybura,"Nov 19, 2017",Qudos Bank Arena,completed,other,,2025-07-29T14:58:05.909222
417,UFC Fight Night: Poirier vs. Pettis,"Nov 11, 2017",Ted Constant Convocation Center,completed,other,,2025-07-29T14:58:05.909274
416,UFC 217: Bisping vs. St-Pierre,"Nov 4, 2017",Madison Square Garden,completed,other,,2025-07-29T14:58:05.909326
415,UFC Fight Night: Brunson vs. Machida,"Oct 28, 2017",Ginásio do Ibirapuera,completed,other,,2025-07-29T14:58:05.909378
414,UFC Fight Night: Cowboy vs. Till,"Oct 21, 2017",Ergo Arena,completed,other,,2025-07-29T14:58:05.909429
413,UFC 216: Ferguson vs. Lee,"Oct 7, 2017",T-Mobile Arena,completed,other,,2025-07-29T14:58:05.909480
412,UFC Fight Night: Saint Preux vs. Okami,"Sep 23, 2017",Saitama Super Arena,completed,other,,2025-07-29T14:58:05.909532
411,UFC Fight Night: Rockhold vs. Branch,"Sep 16, 2017",PPG Paints Arena,completed,other,,2025-07-29T14:58:05.909584
410,UFC 215: Nunes vs. Shevchenko 2,"Sep 9, 2017",Rogers Place,completed,other,,2025-07-29T14:58:05.909639
409,UFC Fight Night: Volkov vs. Struve,"Sep 2, 2017",Rotterdam Ahoy,completed,other,,2025-07-29T14:58:05.909690
408,UFC Fight Night: Pettis vs. Moreno,"Aug 5, 2017",Arena Ciudad de México,completed,other,,2025-07-29T14:58:05.909743
407,UFC 214: Cormier vs. Jones 2,"Jul 29, 2017",Honda Center,completed,other,,2025-07-29T14:58:05.909794
406,UFC on Fox: Weidman vs. Gastelum,"Jul 22, 2017",Nassau Veterans Memorial Coliseum,completed,other,,2025-07-29T14:58:05.909845
405,UFC Fight Night: Nelson vs. Ponzinibbio,"Jul 16, 2017",The SSE Hydro,completed,other,,2025-07-29T14:58:05.909898
404,UFC 213: Romero vs. Whittaker,"Jul 8, 2017",T-Mobile Arena,completed,other,,2025-07-29T14:58:05.909968
403,The Ultimate Fighter: Redemption Finale,"Jul 7, 2017","6,308",completed,other,,2025-07-29T14:58:05.910016
402,UFC Fight Night: Chiesa vs. Lee,"Jun 25, 2017",Chesapeake Energy Arena,completed,other,,2025-07-29T14:58:05.910068
401,UFC Fight Night: Holm vs. Correia,"Jun 17, 2017",Singapore Indoor Stadium,completed,other,,2025-07-29T14:58:05.910119
400,UFC Fight Night: Lewis vs. Hunt,"Jun 11, 2017",Spark Arena,completed,other,,2025-07-29T14:58:05.910171
399,UFC 212: Aldo vs. Holloway,"Jun 3, 2017",Jeunesse Arena,completed,other,,2025-07-29T14:58:05.910222
398,UFC Fight Night: Gustafsson vs. Teixeira,"May 28, 2017",Ericsson Globe,completed,other,,2025-07-29T14:58:05.910278
397,UFC 211: Miocic vs. dos Santos 2,"May 13, 2017",American Airlines Center,completed,other,,2025-07-29T14:58:05.910330
396,UFC Fight Night: Swanson vs. Lobov,"Apr 22, 2017",Bridgestone Arena,completed,other,,2025-07-29T14:58:05.910382
395,UFC on Fox: Johnson vs. Reis,"Apr 15, 2017",Sprint Center,completed,other,,2025-07-29T14:58:05.910432
394,UFC 210: Cormier vs. Johnson 2,"Apr 8, 2017",KeyBank Center,completed,other,,2025-07-29T14:58:05.910484
393,UFC Fight Night: Manuwa vs. Anderson,"Mar 18, 2017",The O2 Arena,completed,other,,2025-07-29T14:58:05.910536
392,UFC Fight Night: Belfort vs. Gastelum,"Mar 11, 2017",Centro de Formação Olímpica do Nordeste,completed,other,,2025-07-29T14:58:05.910585
391,UFC 209: Woodley vs. Thompson 2,"Mar 4, 2017",T-Mobile Arena,completed,other,,2025-07-29T14:58:05.910637
390,UFC Fight Night: Lewis vs. Browne,"Feb 19, 2017",Scotiabank Centre,completed,other,,2025-07-29T14:58:05.910688
389,UFC 208: Holm vs. de Randamie,"Feb 11, 2017",Barclays Center,completed,other,,2025-07-29T14:58:05.910739
388,UFC Fight Night: Bermudez vs. The Korean Zombie,"Feb 4, 2017",Toyota Center,completed,other,,2025-07-29T14:58:05.910793
387,UFC on Fox: Shevchenko vs. Peña,"Jan 28, 2017",Pepsi Center,completed,other,,2025-07-29T14:58:05.910844
386,UFC Fight Night: Rodríguez vs. Penn,"Jan 15, 2017",Talking Stick Resort Arena,completed,other,,2025-07-29T14:58:05.910897
385,UFC 207: Nunes vs. Rousey,"Dec 30, 2016",T-Mobile Arena,completed,other,,2025-07-29T14:58:05.910947
384,UFC on Fox: VanZant vs. Waterson,"Dec 17, 2016",Golden 1 Center,completed,other,,2025-07-29T14:58:05.910998
383,UFC 206: Holloway vs. Pettis,"Dec 10, 2016",Scotiabank Arena,completed,other,,2025-07-29T14:58:05.911055
382,UFC Fight Night: Lewis vs. Abdurakhimov,"Dec 9, 2016",Times Union Center,completed,other,,2025-07-29T14:58:05.911108
381,The Ultimate Fighter: Tournament of Champions Finale,"Dec 3, 2016",Palms Casino Resort,completed,other,,2025-07-29T14:58:05.911166
380,UFC Fight Night: Whittaker vs. Brunson,"Nov 27, 2016",Rod Laver Arena,completed,other,,2025-07-29T14:58:05.911219
379,UFC Fight Night: Bader vs. Nogueira 2,"Nov 19, 2016",Ginásio do Ibirapuera,completed,other,,2025-07-29T14:58:05.911276
378,UFC Fight Night: Mousasi vs. Hall 2,"Nov 19, 2016",The SSE Arena,completed,other,,2025-07-29T14:58:05.911328
377,UFC 205: Alvarez vs. McGregor,"Nov 12, 2016",Madison Square Garden,completed,other,,2025-07-29T14:58:05.911379
376,The Ultimate Fighter Latin America 3 Finale: dos Anjos vs. Ferguson,"Nov 5, 2016",Arena Ciudad de México,completed,other,,2025-07-29T14:58:05.911440
—,UFC Fight Night: Lamas vs. Penn,"Oct 15, 2016",Mall of Asia Arena,completed,other,,2025-07-29T14:58:05.911489
375,UFC 204: Bisping vs. Henderson 2,"Oct 8, 2016",AO Arena,completed,other,,2025-07-29T14:58:05.911545
374,UFC Fight Night: Lineker vs. Dodson,"Oct 1, 2016",Moda Center,completed,other,,2025-07-29T14:58:05.911596
373,UFC Fight Night: Cyborg vs. Länsberg,"Sep 24, 2016",Ginásio Nilson Nelson,completed,other,,2025-07-29T14:58:05.911649
372,UFC Fight Night: Poirier vs. Johnson,"Sep 17, 2016",State Farm Arena,completed,other,,2025-07-29T14:58:05.911700
371,UFC 203: Miocic vs. Overeem,"Sep 10, 2016",Quicken Loans Arena,completed,other,,2025-07-29T14:58:05.911750
370,UFC Fight Night: Arlovski vs. Barnett,"Sep 3, 2016",Barclaycard Arena,completed,other,,2025-07-29T14:58:05.911803
369,UFC on Fox: Maia vs. Condit,"Aug 27, 2016",Rogers Arena,completed,other,,2025-07-29T14:58:05.911858
368,UFC 202: Diaz vs. McGregor 2,"Aug 20, 2016",T-Mobile Arena,completed,other,,2025-07-29T14:58:05.911908
367,UFC Fight Night: Rodríguez vs. Caceres,"Aug 6, 2016",Vivint Smart Home Arena,completed,other,,2025-07-29T14:58:05.911962
366,UFC 201: Lawler vs. Woodley,"Jul 30, 2016",Philips Arena,completed,other,,2025-07-29T14:58:05.912012
365,UFC on Fox: Holm vs. Shevchenko,"Jul 23, 2016",United Center,completed,other,,2025-07-29T14:58:05.912063
364,UFC Fight Night: McDonald vs. Lineker,"Jul 13, 2016",Denny Sanford Premier Center,completed,other,,2025-07-29T14:58:05.912115
363,UFC 200: Tate vs. Nunes,"Jul 9, 2016",T-Mobile Arena,completed,other,,2025-07-29T14:58:05.912165
362,The Ultimate Fighter: Team Joanna vs. Team Cláudia Finale,"Jul 8, 2016",MGM Grand Garden Arena,completed,other,,2025-07-29T14:58:05.912220
361,UFC Fight Night: dos Anjos vs. Alvarez,"Jul 7, 2016","7,760",completed,other,,2025-07-29T14:58:05.912265
360,UFC Fight Night: MacDonald vs. Thompson,"Jun 18, 2016",TD Place Arena,completed,other,,2025-07-29T14:58:05.912320
359,UFC 199: Rockhold vs. Bisping 2,"Jun 4, 2016",The Forum,completed,other,,2025-07-29T14:58:05.912375
358,UFC Fight Night: Almeida vs. Garbrandt,"May 29, 2016",Mandalay Bay Events Center,completed,other,,2025-07-29T14:58:05.912442
357,UFC 198: Werdum vs. Miocic,"May 14, 2016",Arena da Baixada,completed,other,,2025-07-29T14:58:05.912511
356,UFC Fight Night: Overeem vs. Arlovski,"May 8, 2016",Rotterdam Ahoy,completed,other,,2025-07-29T14:58:05.912566
355,UFC 197: Jones vs. Saint Preux,"Apr 23, 2016",MGM Grand Garden Arena,completed,other,,2025-07-29T14:58:05.912625
354,UFC on Fox: Teixeira vs. Evans,"Apr 16, 2016",Amalie Arena,completed,other,,2025-07-29T14:58:05.912689
353,UFC Fight Night: Rothwell vs. dos Santos,"Apr 10, 2016",Arena Zagreb,completed,other,,2025-07-29T14:58:05.912750
352,UFC Fight Night: Hunt vs. Mir,"Mar 20, 2016",Brisbane Entertainment Centre,completed,other,,2025-07-29T14:58:05.912802
351,UFC 196: McGregor vs. Diaz,"Mar 5, 2016",MGM Grand Garden Arena,completed,other,,2025-07-29T14:58:05.912864
350,UFC Fight Night: Silva vs. Bisping,"Feb 27, 2016",The O2 Arena,completed,other,,2025-07-29T14:58:05.912924
349,UFC Fight Night: Cowboy vs. Cowboy,"Feb 21, 2016",Consol Energy Center,completed,other,,2025-07-29T14:58:05.912976
348,UFC Fight Night: Hendricks vs. Thompson,"Feb 6, 2016",MGM Grand Garden Arena,completed,other,,2025-07-29T14:58:05.913032
347,UFC on Fox: Johnson vs. Bader,"Jan 30, 2016",Prudential Center,completed,other,,2025-07-29T14:58:05.913090
346,UFC Fight Night: Dillashaw vs. Cruz,"Jan 17, 2016",TD Garden,completed,other,,2025-07-29T14:58:05.913146
345,UFC 195: Lawler vs. Condit,"Jan 2, 2016",MGM Grand Garden Arena,completed,other,,2025-07-29T14:58:05.913208
344,UFC on Fox: dos Anjos vs. Cowboy 2,"Dec 19, 2015",Amway Center,completed,other,,2025-07-29T14:58:05.913268
343,UFC 194: Aldo vs. McGregor,"Dec 12, 2015",MGM Grand Garden Arena,completed,other,,2025-07-29T14:58:05.913324
342,The Ultimate Fighter: Team McGregor vs. Team Faber Finale,"Dec 11, 2015",The Chelsea at The Cosmopolitan,completed,other,,2025-07-29T14:58:05.913387
341,UFC Fight Night: Namajunas vs. VanZant,"Dec 10, 2015","1,643",completed,other,,2025-07-29T14:58:05.913436
340,UFC Fight Night: Henderson vs. Masvidal,"Nov 28, 2015",Olympic Gymnastics Arena,completed,other,,2025-07-29T14:58:05.913489
339,The Ultimate Fighter Latin America 2 Finale: Magny vs. Gastelum,"Nov 21, 2015",Arena Monterrey,completed,other,,2025-07-29T14:58:05.913550
338,UFC 193: Rousey vs. Holm,"Nov 15, 2015",Marvel Stadium,completed,other,,2025-07-29T14:58:05.913603
337,UFC Fight Night: Belfort vs. Henderson 3,"Nov 7, 2015",Ginásio do Ibirapuera,completed,other,,2025-07-29T14:58:05.913657
336,UFC Fight Night: Holohan vs. Smolka,"Oct 24, 2015",3Arena,completed,other,,2025-07-29T14:58:05.913709
335,UFC 192: Cormier vs. Gustafsson,"Oct 3, 2015",Toyota Center,completed,other,,2025-07-29T14:58:05.913767
334,UFC Fight Night: Barnett vs. Nelson,"Sep 27, 2015",Saitama Super Arena,completed,other,,2025-07-29T14:58:05.913841
333,UFC 191: Johnson vs. Dodson 2,"Sep 5, 2015",MGM Grand Garden Arena,completed,other,,2025-07-29T14:58:05.913893
332,UFC Fight Night: Holloway vs. Oliveira,"Aug 23, 2015",SaskTel Centre,completed,other,,2025-07-29T14:58:05.913945
331,UFC Fight Night: Teixeira vs. Saint Preux,"Aug 8, 2015",Bridgestone Arena,completed,other,,2025-07-29T14:58:05.913998
330,UFC 190: Rousey vs. Correia,"Aug 1, 2015",HSBC Arena,completed,other,,2025-07-29T14:58:05.914049
329,UFC on Fox: Dillashaw vs. Barão 2,"Jul 25, 2015",United Center,completed,other,,2025-07-29T14:58:05.914103
328,UFC Fight Night: Bisping vs. Leites,"Jul 18, 2015",The SSE Hydro,completed,other,,2025-07-29T14:58:05.914154
327,UFC Fight Night: Mir vs. Duffee,"Jul 15, 2015",Pechanga Arena,completed,other,,2025-07-29T14:58:05.914214
326,The Ultimate Fighter: American Top Team vs. Blackzilians Finale,"Jul 12, 2015",MGM Grand Garden Arena,completed,other,,2025-07-29T14:58:05.914276
325,UFC 189: Mendes vs. McGregor,"Jul 11, 2015","16,019",completed,other,,2025-07-29T14:58:05.914319
324,UFC Fight Night: Machida vs. Romero,"Jun 27, 2015",Seminole Hard Rock Hotel and Casino,completed,other,,2025-07-29T14:58:05.914370
323,UFC Fight Night: Jędrzejczyk vs. Penne,"Jun 20, 2015",Uber Arena,completed,other,,2025-07-29T14:58:05.914425
322,UFC 188: Velasquez vs. Werdum,"Jun 13, 2015",Arena Ciudad de México,completed,other,,2025-07-29T14:58:05.914476
321,UFC Fight Night: Boetsch vs. Henderson,"Jun 6, 2015",Smoothie King Center,completed,other,,2025-07-29T14:58:05.914529
320,UFC Fight Night: Condit vs. Alves,"May 30, 2015",Goiânia Arena,completed,other,,2025-07-29T14:58:05.914581
319,UFC 187: Johnson vs. Cormier,"May 23, 2015",MGM Grand Garden Arena,completed,other,,2025-07-29T14:58:05.914632
318,UFC Fight Night: Edgar vs. Faber,"May 16, 2015",Mall of Asia Arena,completed,other,,2025-07-29T14:58:05.914684
317,UFC Fight Night: Miocic vs. Hunt,"May 10, 2015",Adelaide Entertainment Centre,completed,other,,2025-07-29T14:58:05.914742
316,UFC 186: Johnson vs. Horiguchi,"Apr 25, 2015",Bell Centre,completed,other,,2025-07-29T14:58:05.914796
315,UFC on Fox: Machida vs. Rockhold,"Apr 18, 2015",Prudential Center,completed,other,,2025-07-29T14:58:05.914848
314,UFC Fight Night: Gonzaga vs. Cro Cop 2,"Apr 11, 2015",Tauron Arena Kraków,completed,other,,2025-07-29T14:58:05.914902
313,UFC Fight Night: Mendes vs. Lamas,"Apr 4, 2015",Patriot Center,completed,other,,2025-07-29T14:58:05.914954
312,UFC Fight Night: Maia vs. LaFlare,"Mar 21, 2015",Ginásio do Maracanãzinho,completed,other,,2025-07-29T14:58:05.915006
311,UFC 185: Pettis vs. dos Anjos,"Mar 14, 2015",American Airlines Center,completed,other,,2025-07-29T14:58:05.915058
310,UFC 184: Rousey vs. Zingano,"Feb 28, 2015",Staples Center,completed,other,,2025-07-29T14:58:05.915108
309,UFC Fight Night: Bigfoot vs. Mir,"Feb 22, 2015",Ginásio Gigantinho,completed,other,,2025-07-29T14:58:05.915160
308,UFC Fight Night: Henderson vs. Thatch,"Feb 14, 2015",1stBank Center,completed,other,,2025-07-29T14:58:05.915213
307,UFC 183: Silva vs. Diaz,"Jan 31, 2015",MGM Grand Garden Arena,completed,other,,2025-07-29T14:58:05.915263
306,UFC on Fox: Gustafsson vs. Johnson,"Jan 24, 2015",Tele2 Arena,completed,other,,2025-07-29T14:58:05.915316
305,UFC Fight Night: McGregor vs. Siver,"Jan 18, 2015",TD Garden,completed,other,,2025-07-29T14:58:05.915368
304,UFC 182: Jones vs. Cormier,"Jan 3, 2015",MGM Grand Garden Arena,completed,other,,2025-07-29T14:58:05.915418
303,UFC Fight Night: Machida vs. Dollaway,"Dec 20, 2014",Ginásio José Corrêa,completed,other,,2025-07-29T14:58:05.915462
302,UFC on Fox: dos Santos vs. Miocic,"Dec 13, 2014",U.S. Airways Center,completed,other,,2025-07-29T14:58:05.915518
301,The Ultimate Fighter: A Champion Will Be Crowned Finale,"Dec 12, 2014",Palms Casino Resort,completed,other,,2025-07-29T14:58:05.915577
300,UFC 181: Hendricks vs. Lawler II,"Dec 6, 2014",Mandalay Bay Events Center,completed,other,,2025-07-29T14:58:05.915626
299,UFC Fight Night: Edgar vs. Swanson,"Nov 22, 2014",Frank Erwin Center,completed,other,,2025-07-29T14:58:05.915678
298,UFC 180: Werdum vs. Hunt,"Nov 15, 2014",Arena Ciudad de México,completed,other,,2025-07-29T14:58:05.915729
297,UFC Fight Night: Shogun vs. Saint Preux,"Nov 8, 2014",Ginásio Municipal Tancredo Neves,completed,other,,2025-07-29T14:58:05.915780
296,UFC Fight Night: Rockhold vs. Bisping,"Nov 8, 2014",Qudos Bank Arena,completed,other,,2025-07-29T14:58:05.915833
295,UFC 179: Aldo vs. Mendes 2,"Oct 25, 2014",Ginásio do Maracanãzinho,completed,other,,2025-07-29T14:58:05.915884
294,UFC Fight Night: MacDonald vs. Saffiedine,"Oct 4, 2014",Scotiabank Centre,completed,other,,2025-07-29T14:58:05.915938
293,UFC Fight Night: Nelson vs. Story,"Oct 4, 2014",Avicii Arena,completed,other,,2025-07-29T14:58:05.915990
292,UFC 178: Johnson vs. Cariaso,"Sep 27, 2014",MGM Grand Garden Arena,completed,other,,2025-07-29T14:58:05.916041
291,UFC Fight Night: Hunt vs. Nelson,"Sep 20, 2014",Saitama Super Arena,completed,other,,2025-07-29T14:58:05.916093
290,UFC Fight Night: Bigfoot vs. Arlovski,"Sep 13, 2014",Ginásio Nilson Nelson,completed,other,,2025-07-29T14:58:05.916145
289,UFC Fight Night: Jacaré vs. Mousasi,"Sep 5, 2014",Foxwoods Resort Casino,completed,other,,2025-07-29T14:58:05.916197
288,UFC 177: Dillashaw vs. Soto,"Aug 30, 2014",Sleep Train Arena,completed,other,,2025-07-29T14:58:05.916252
287,UFC Fight Night: Henderson vs. dos Anjos,"Aug 23, 2014",BOK Center,completed,other,,2025-07-29T14:58:05.916305
286,UFC Fight Night: Bisping vs. Le,"Aug 23, 2014",Cotai Arena,completed,other,,2025-07-29T14:58:05.916363
285,UFC Fight Night: Bader vs. Saint Preux,"Aug 16, 2014",Cross Insurance Center,completed,other,,2025-07-29T14:58:05.916415
—,UFC 176: Aldo vs. Mendes II,"Aug 2, 2014",Staples Center,completed,other,,2025-07-29T14:58:05.916464
284,UFC on Fox: Lawler vs. Brown,"Jul 26, 2014",SAP Center,completed,other,,2025-07-29T14:58:05.916515
283,UFC Fight Night: McGregor vs. Brandão,"Jul 19, 2014",3Arena,completed,other,,2025-07-29T14:58:05.916581
282,UFC Fight Night: Cowboy vs. Miller,"Jul 16, 2014",Revel Casino Hotel,completed,other,,2025-07-29T14:58:05.916633
281,The Ultimate Fighter: Team Edgar vs. Team Penn Finale,"Jul 6, 2014",Mandalay Bay Events Center,completed,other,,2025-07-29T14:58:05.916702
280,UFC 175: Weidman vs. Machida,"Jul 5, 2014","10,088",completed,other,,2025-07-29T14:58:05.916751
279,UFC Fight Night: Swanson vs. Stephens,"Jun 28, 2014",AT&T Center,completed,other,,2025-07-29T14:58:05.916803
278,UFC Fight Night: Te Huna vs. Marquardt,"Jun 28, 2014",Vector Arena,completed,other,,2025-07-29T14:58:05.916856
277,UFC 174: Johnson vs. Bagautinov,"Jun 14, 2014",Rogers Arena,completed,other,,2025-07-29T14:58:05.916912
276,UFC Fight Night: Henderson vs. Khabilov,"Jun 7, 2014",Tingley Coliseum,completed,other,,2025-07-29T14:58:05.916987
275,The Ultimate Fighter Brazil 3 Finale: Miocic vs. Maldonado,"May 31, 2014",Ginásio do Ibirapuera,completed,other,,2025-07-29T14:58:05.917051
274,UFC Fight Night: Muñoz vs. Mousasi,"May 31, 2014",Uber Arena,completed,other,,2025-07-29T14:58:05.917103
273,UFC 173: Barão vs. Dillashaw,"May 24, 2014",MGM Grand Garden Arena,completed,other,,2025-07-29T14:58:05.917155
272,UFC Fight Night: Brown vs. Silva,"May 10, 2014",U.S. Bank Arena,completed,other,,2025-07-29T14:58:05.917208
271,UFC 172: Jones vs. Teixeira,"Apr 26, 2014",Baltimore Arena,completed,other,,2025-07-29T14:58:05.917258
270,UFC on Fox: Werdum vs. Browne,"Apr 19, 2014",Amway Center,completed,other,,2025-07-29T14:58:05.917309
269,The Ultimate Fighter Nations Finale: Bisping vs. Kennedy,"Apr 16, 2014",Colisée Pepsi,completed,other,,2025-07-29T14:58:05.917368
268,UFC Fight Night: Nogueira vs. Nelson,"Apr 11, 2014",Etihad Park,completed,other,,2025-07-29T14:58:05.917420
267,UFC Fight Night: Shogun vs. Henderson 2,"Mar 23, 2014",Ginásio Nélio Dias,completed,other,,2025-07-29T14:58:05.917485
266,UFC 171: Hendricks vs. Lawler,"Mar 15, 2014",American Airlines Center,completed,other,,2025-07-29T14:58:05.917543
265,UFC Fight Night: Gustafsson vs. Manuwa,"Mar 8, 2014",The O2 Arena,completed,other,,2025-07-29T14:58:05.917596
264,The Ultimate Fighter China Finale: Kim vs. Hathaway,"Mar 1, 2014",Cotai Arena,completed,other,,2025-07-29T14:58:05.917656
263,UFC 170: Rousey vs. McMann,"Feb 22, 2014",Mandalay Bay Events Center,completed,other,,2025-07-29T14:58:05.917706
262,UFC Fight Night: Machida vs. Mousasi,"Feb 15, 2014",Arena Jaraguá,completed,other,,2025-07-29T14:58:05.917758
261,UFC 169: Barão vs. Faber 2,"Feb 1, 2014",Prudential Center,completed,other,,2025-07-29T14:58:05.917809
260,UFC on Fox: Henderson vs. Thomson,"Jan 25, 2014",United Center,completed,other,,2025-07-29T14:58:05.917861
259,UFC Fight Night: Rockhold vs. Philippou,"Jan 15, 2014",Arena at Gwinnett Center,completed,other,,2025-07-29T14:58:05.917914
258,UFC Fight Night: Saffiedine vs. Lim,"Jan 4, 2014",Marina Bay Sands,completed,other,,2025-07-29T14:58:05.917967
257,UFC 168: Weidman vs. Silva 2,"Dec 28, 2013",MGM Grand Garden Arena,completed,other,,2025-07-29T14:58:05.918018
256,UFC on Fox: Johnson vs. Benavidez 2,"Dec 14, 2013",Sleep Train Arena,completed,other,,2025-07-29T14:58:05.918070
255,UFC Fight Night: Hunt vs. Bigfoot,"Dec 7, 2013",Brisbane Entertainment Centre,completed,other,,2025-07-29T14:58:05.918122
254,The Ultimate Fighter: Team Rousey vs. Team Tate Finale,"Nov 30, 2013",Mandalay Bay Events Center,completed,other,,2025-07-29T14:58:05.918182
253,UFC 167: St-Pierre vs. Hendricks,"Nov 16, 2013",MGM Grand Garden Arena,completed,other,,2025-07-29T14:58:05.918230
252,UFC Fight Night: Belfort vs. Henderson 2,"Nov 9, 2013",Goiânia Arena,completed,other,,2025-07-29T14:58:05.918285
251,UFC: Fight for the Troops 3,"Nov 6, 2013",Fort Campbell,completed,other,,2025-07-29T14:58:05.918329
250,UFC Fight Night: Machida vs. Muñoz,"Oct 26, 2013",Phones 4u Arena,completed,other,,2025-07-29T14:58:05.918383
249,UFC 166: Velasquez vs. dos Santos III,"Oct 19, 2013",Toyota Center,completed,other,,2025-07-29T14:58:05.918436
248,UFC Fight Night: Maia vs. Shields,"Oct 9, 2013",Ginásio José Corrêa,completed,other,,2025-07-29T14:58:05.918488
247,UFC 165: Jones vs. Gustafsson,"Sep 21, 2013",Scotiabank Arena,completed,other,,2025-07-29T14:58:05.918542
246,UFC Fight Night: Teixeira vs. Bader,"Sep 4, 2013",Mineirinho Arena,completed,other,,2025-07-29T14:58:05.918596
245,UFC 164: Henderson vs. Pettis 2,"Aug 31, 2013",BMO Harris Bradley Center,completed,other,,2025-07-29T14:58:05.918654
244,UFC Fight Night: Condit vs. Kampmann 2,"Aug 28, 2013",Bankers Life Fieldhouse,completed,other,,2025-07-29T14:58:05.918710
243,UFC Fight Night: Shogun vs. Sonnen,"Aug 17, 2013",TD Garden,completed,other,,2025-07-29T14:58:05.918763
242,UFC 163: Aldo vs. Korean Zombie,"Aug 3, 2013",HSBC Arena,completed,other,,2025-07-29T14:58:05.918815
241,UFC on Fox: Johnson vs. Moraga,"Jul 27, 2013",Climate Pledge Arena,completed,other,,2025-07-29T14:58:05.918865
240,UFC 162: Silva vs. Weidman,"Jul 6, 2013",MGM Grand Garden Arena,completed,other,,2025-07-29T14:58:05.918916
239,UFC 161: Evans vs. Henderson,"Jun 15, 2013",Canada Life Centre,completed,other,,2025-07-29T14:58:05.918971
238,UFC on Fuel TV: Nogueira vs. Werdum,"Jun 8, 2013",Ginásio Paulo Sarasate,completed,other,,2025-07-29T14:58:05.919023
237,UFC 160: Velasquez vs. Bigfoot 2,"May 25, 2013",MGM Grand Garden Arena,completed,other,,2025-07-29T14:58:05.919075
236,UFC on FX: Belfort vs. Rockhold,"May 18, 2013",Arena Jaraguá,completed,other,,2025-07-29T14:58:05.919126
235,UFC 159: Jones vs. Sonnen,"Apr 27, 2013",Prudential Center,completed,other,,2025-07-29T14:58:05.919176
234,UFC on Fox: Henderson vs. Melendez,"Apr 20, 2013",SAP Center,completed,other,,2025-07-29T14:58:05.919228
233,The Ultimate Fighter: Team Jones vs. Team Sonnen Finale,"Apr 13, 2013",Mandalay Bay Events Center,completed,other,,2025-07-29T14:58:05.919286
232,UFC on Fuel TV: Mousasi vs. Latifi,"Apr 6, 2013",Avicii Arena,completed,other,,2025-07-29T14:58:05.919337
231,UFC 158: St-Pierre vs. Diaz,"Mar 16, 2013",Bell Centre,completed,other,,2025-07-29T14:58:05.919390
230,UFC on Fuel TV: Silva vs. Stann,"Mar 3, 2013",Saitama Super Arena,completed,other,,2025-07-29T14:58:05.919441
229,UFC 157: Rousey vs. Carmouche,"Feb 23, 2013",Honda Center,completed,other,,2025-07-29T14:58:05.919492
228,UFC on Fuel TV: Barão vs. McDonald,"Feb 16, 2013",Wembley Arena,completed,other,,2025-07-29T14:58:05.919544
227,UFC 156: Aldo vs. Edgar,"Feb 2, 2013",Mandalay Bay Events Center,completed,other,,2025-07-29T14:58:05.919594
226,UFC on Fox: Johnson vs. Dodson,"Jan 26, 2013",United Center,completed,other,,2025-07-29T14:58:05.919645
225,UFC on FX: Belfort vs. Bisping,"Jan 19, 2013",Ginásio do Ibirapuera,completed,other,,2025-07-29T14:58:05.919698
224,UFC 155: dos Santos vs. Velasquez 2,"Dec 29, 2012",MGM Grand Garden Arena,completed,other,,2025-07-29T14:58:05.919750
223,The Ultimate Fighter: Team Carwin vs. Team Nelson Finale,"Dec 15, 2012",Hard Rock Hotel and Casino,completed,other,,2025-07-29T14:58:05.919804
222,UFC on FX: Sotiropoulos vs. Pearson,"Dec 15, 2012",Gold Coast Convention and Exhibition Centre,completed,other,,2025-07-29T14:58:05.919857
221,UFC on Fox: Henderson vs. Diaz,"Dec 8, 2012",Climate Pledge Arena,completed,other,,2025-07-29T14:58:05.919908
220,UFC 154: St-Pierre vs. Condit,"Nov 17, 2012",Bell Centre,completed,other,,2025-07-29T14:58:05.919974
219,UFC on Fuel TV: Franklin vs. Le,"Nov 10, 2012",Cotai Arena,completed,other,,2025-07-29T14:58:05.920027
218,UFC 153: Silva vs. Bonnar,"Oct 13, 2012",Farmasi Arena,completed,other,,2025-07-29T14:58:05.920077
217,UFC on FX: Browne vs. Bigfoot,"Oct 5, 2012",Target Center,completed,other,,2025-07-29T14:58:05.920127
216,UFC on Fuel TV: Struve vs. Miocic,"Sep 29, 2012",Motorpoint Arena,completed,other,,2025-07-29T14:58:05.920179
215,UFC 152: Jones vs. Belfort,"Sep 22, 2012",Scotiabank Arena,completed,other,,2025-07-29T14:58:05.920232
—,UFC 151: Jones vs. Henderson,"Sep 1, 2012",Mandalay Bay Events Center,completed,other,,2025-07-29T14:58:05.920282
214,UFC 150: Henderson vs. Edgar II,"Aug 11, 2012",Ball Arena,completed,other,,2025-07-29T14:58:05.920333
213,UFC on Fox: Shogun vs. Vera,"Aug 4, 2012",Crypto.com Arena,completed,other,,2025-07-29T14:58:05.920383
212,UFC 149: Faber vs. Barão,"Jul 21, 2012",Scotiabank Saddledome,completed,other,,2025-07-29T14:58:05.920436
211,UFC on Fuel TV: Muñoz vs. Weidman,"Jul 11, 2012",SAP Center,completed,other,,2025-07-29T14:58:05.920486
210,UFC 148: Silva vs. Sonnen II,"Jul 7, 2012",MGM Grand Garden Arena,completed,other,,2025-07-29T14:58:05.920537
209,UFC 147: Silva vs. Franklin II,"Jun 23, 2012",Mineirinho Arena,completed,other,,2025-07-29T14:58:05.920588
208,UFC on FX: Maynard vs. Guida,"Jun 22, 2012",Revel Casino Hotel,completed,other,,2025-07-29T14:58:05.920638
207,UFC on FX: Johnson vs. McCall 2,"Jun 8, 2012",Amerant Bank Arena,completed,other,,2025-07-29T14:58:05.920691
206,The Ultimate Fighter: Live Finale,"Jun 1, 2012",Palms Casino Resort,completed,other,,2025-07-29T14:58:05.920744
205,UFC 146: dos Santos vs. Mir,"May 26, 2012",MGM Grand Garden Arena,completed,other,,2025-07-29T14:58:05.920791
204,UFC on Fuel TV: The Korean Zombie vs. Poirier,"May 15, 2012",EagleBank Arena,completed,other,,2025-07-29T14:58:05.920844
203,UFC on Fox: Diaz vs. Miller,"May 5, 2012",Meadowlands Arena,completed,other,,2025-07-29T14:58:05.920894
202,UFC 145: Jones vs. Evans,"Apr 21, 2012",Philips Arena,completed,other,,2025-07-29T14:58:05.920944
201,UFC on Fuel TV: Gustafsson vs. Silva,"Apr 14, 2012",Avicii Arena,completed,other,,2025-07-29T14:58:05.920997
200,UFC on FX: Alves vs. Kampmann,"Mar 3, 2012",Qudos Bank Arena,completed,other,,2025-07-29T14:58:05.921048
199,UFC 144: Edgar vs. Henderson,"Feb 26, 2012",Saitama Super Arena,completed,other,,2025-07-29T14:58:05.921098
198,UFC on Fuel TV: Sanchez vs. Ellenberger,"Feb 15, 2012",Omaha Civic Auditorium,completed,other,,2025-07-29T14:58:05.921151
197,UFC 143: Diaz vs. Condit,"Feb 4, 2012",Mandalay Bay Events Center,completed,other,,2025-07-29T14:58:05.921201
196,UFC on Fox: Evans vs. Davis,"Jan 28, 2012",United Center,completed,other,,2025-07-29T14:58:05.921252
195,UFC on FX: Guillard vs. Miller,"Jan 20, 2012",Bridgestone Arena,completed,other,,2025-07-29T14:58:05.921303
194,UFC 142: Aldo vs. Mendes,"Jan 14, 2012",HSBC Arena,completed,other,,2025-07-29T14:58:05.921353
193,UFC 141: Lesnar vs. Overeem,"Dec 30, 2011",MGM Grand Garden Arena,completed,other,,2025-07-29T14:58:05.921425
192,UFC 140: Jones vs. Machida,"Dec 10, 2011",Scotiabank Arena,completed,other,,2025-07-29T14:58:05.921478
191,The Ultimate Fighter: Team Bisping vs. Team Miller Finale,"Dec 3, 2011",Palms Casino Resort,completed,other,,2025-07-29T14:58:05.921536
190,UFC 139: Shogun vs. Henderson,"Nov 19, 2011",SAP Center,completed,other,,2025-07-29T14:58:05.921588
189,UFC on Fox: Velasquez vs. dos Santos,"Nov 12, 2011",Honda Center,completed,other,,2025-07-29T14:58:05.921640
188,UFC 138: Leben vs. Muñoz,"Nov 5, 2011",LG Arena,completed,other,,2025-07-29T14:58:05.921689
187,UFC 137: Penn vs. Diaz,"Oct 29, 2011",Mandalay Bay Events Center,completed,other,,2025-07-29T14:58:05.921739
186,UFC 136: Edgar vs. Maynard III,"Oct 8, 2011",Toyota Center,completed,other,,2025-07-29T14:58:05.921790
185,UFC Live: Cruz vs. Johnson,"Oct 1, 2011",Capital One Arena,completed,other,,2025-07-29T14:58:05.921840
184,UFC 135: Jones vs. Rampage,"Sep 24, 2011",Pepsi Center,completed,other,,2025-07-29T14:58:05.921891
183,UFC Fight Night: Shields vs. Ellenberger,"Sep 17, 2011",Ernest N. Morial Convention Center,completed,other,,2025-07-29T14:58:05.921946
182,UFC 134: Silva vs. Okami,"Aug 27, 2011",HSBC Arena,completed,other,,2025-07-29T14:58:05.921996
181,UFC Live: Hardy vs. Lytle,"Aug 14, 2011",Bradley Center,completed,other,,2025-07-29T14:58:05.922046
180,UFC 133: Evans vs. Ortiz,"Aug 6, 2011",Wells Fargo Center,completed,other,,2025-07-29T14:58:05.922095
179,UFC 132: Cruz vs. Faber,"Jul 2, 2011",MGM Grand Garden Arena,completed,other,,2025-07-29T14:58:05.922144
178,UFC Live: Kongo vs. Barry,"Jun 26, 2011",Consol Energy Center,completed,other,,2025-07-29T14:58:05.922194
177,UFC 131: dos Santos vs. Carwin,"Jun 11, 2011",Rogers Arena,completed,other,,2025-07-29T14:58:05.922249
176,The Ultimate Fighter: Team Lesnar vs. Team dos Santos Finale,"Jun 4, 2011",Palms Casino Resort,completed,other,,2025-07-29T14:58:05.922308
175,UFC 130: Rampage vs. Hamill,"May 28, 2011",MGM Grand Garden Arena,completed,other,,2025-07-29T14:58:05.922355
174,UFC 129: St-Pierre vs. Shields,"Apr 30, 2011",Rogers Centre,completed,other,,2025-07-29T14:58:05.922407
173,UFC Fight Night: Nogueira vs. Davis,"Mar 26, 2011",Climate Pledge Arena,completed,other,,2025-07-29T14:58:05.922461
172,UFC 128: Shogun vs. Jones,"Mar 19, 2011",Prudential Center,completed,other,,2025-07-29T14:58:05.922511
171,UFC Live: Sanchez vs. Kampmann,"Mar 3, 2011",KFC Yum! Center,completed,other,,2025-07-29T14:58:05.922562
170,UFC 127: Penn vs. Fitch,"Feb 27, 2011",Qudos Bank Arena,completed,other,,2025-07-29T14:58:05.922612
169,UFC 126: Silva vs. Belfort,"Feb 5, 2011",Mandalay Bay Events Center,completed,other,,2025-07-29T14:58:05.922662
168,UFC: Fight for the Troops 2,"Jan 22, 2011",Fort Hood,completed,other,,2025-07-29T14:58:05.922715
167,UFC 125: Resolution,"Jan 1, 2011",MGM Grand Garden Arena,completed,other,,2025-07-29T14:58:05.922765
166,UFC 124: St-Pierre vs. Koscheck 2,"Dec 11, 2010",Bell Centre,completed,other,,2025-07-29T14:58:05.922818
165,The Ultimate Fighter: Team GSP vs. Team Koscheck Finale,"Dec 4, 2010",Palms Casino Resort,completed,other,,2025-07-29T14:58:05.922876
164,UFC 123: Rampage vs. Machida,"Nov 20, 2010",The Palace of Auburn Hills,completed,other,,2025-07-29T14:58:05.922927
163,UFC 122: Marquardt vs. Okami,"Nov 13, 2010",Rudolf Weber-Arena,completed,other,,2025-07-29T14:58:05.922978
162,UFC 121: Lesnar vs. Velasquez,"Oct 23, 2010",Honda Center,completed,other,,2025-07-29T14:58:05.923028
161,UFC 120: Bisping vs. Akiyama,"Oct 16, 2010",The O2 Arena,completed,other,,2025-07-29T14:58:05.923079
160,UFC 119: Mir vs. Cro Cop,"Sep 25, 2010",Conseco Fieldhouse,completed,other,,2025-07-29T14:58:05.923128
159,UFC Fight Night: Marquardt vs. Palhares,"Sep 15, 2010",Frank Erwin Center,completed,other,,2025-07-29T14:58:05.923183
158,UFC 118: Edgar vs. Penn 2,"Aug 28, 2010",TD Garden,completed,other,,2025-07-29T14:58:05.923235
157,UFC 117: Silva vs. Sonnen,"Aug 7, 2010",Oracle Arena,completed,other,,2025-07-29T14:58:05.923285
156,UFC Live: Jones vs. Matyushenko,"Aug 1, 2010",Pechanga Arena,completed,other,,2025-07-29T14:58:05.923336
155,UFC 116: Lesnar vs. Carwin,"Jul 3, 2010",MGM Grand Garden Arena,completed,other,,2025-07-29T14:58:05.923386
154,The Ultimate Fighter: Team Liddell vs. Team Ortiz Finale,"Jun 19, 2010",Palms Casino Resort,completed,other,,2025-07-29T14:58:05.923440
153,UFC 115: Liddell vs. Franklin,"Jun 12, 2010",General Motors Place,completed,other,,2025-07-29T14:58:05.923495
152,UFC 114: Rampage vs. Evans,"May 29, 2010",MGM Grand Garden Arena,completed,other,,2025-07-29T14:58:05.923571
151,UFC 113: Machida vs. Shogun 2,"May 8, 2010",Bell Centre,completed,other,,2025-07-29T14:58:05.923624
150,UFC 112: Invincible,"Apr 10, 2010",Yas Island,completed,other,,2025-07-29T14:58:05.923675
149,UFC Fight Night: Florian vs. Gomi,"Mar 31, 2010",Bojangles Coliseum,completed,other,,2025-07-29T14:58:05.923729
148,UFC 111: St-Pierre vs. Hardy,"Mar 27, 2010",Prudential Center,completed,other,,2025-07-29T14:58:05.923782
147,UFC Live: Vera vs. Jones,"Mar 21, 2010",1stBank Center,completed,other,,2025-07-29T14:58:05.923833
146,UFC 110: Nogueira vs. Velasquez,"Feb 21, 2010",Qudos Bank Arena,completed,other,,2025-07-29T14:58:05.923884
145,UFC 109: Relentless,"Feb 6, 2010",Mandalay Bay Events Center,completed,other,,2025-07-29T14:58:05.923935
144,UFC Fight Night: Maynard vs. Diaz,"Jan 11, 2010",Patriot Center,completed,other,,2025-07-29T14:58:05.924001
143,UFC 108: Evans vs. Silva,"Jan 2, 2010",MGM Grand Garden Arena,completed,other,,2025-07-29T14:58:05.924051
142,UFC 107: Penn vs. Sanchez,"Dec 12, 2009",FedExForum,completed,other,,2025-07-29T14:58:05.924103
141,The Ultimate Fighter: Heavyweights Finale,"Dec 5, 2009",Palms Casino Resort,completed,other,,2025-07-29T14:58:05.924161
140,UFC 106: Ortiz vs. Griffin 2,"Nov 21, 2009",Mandalay Bay Events Center,completed,other,,2025-07-29T14:58:05.924210
139,UFC 105: Couture vs. Vera,"Nov 14, 2009",Manchester Evening News Arena,completed,other,,2025-07-29T14:58:05.924261
138,UFC 104: Machida vs. Shogun,"Oct 24, 2009",Crypto.com Arena,completed,other,,2025-07-29T14:58:05.924311
137,UFC 103: Franklin vs. Belfort,"Sep 19, 2009",American Airlines Center,completed,other,,2025-07-29T14:58:05.924365
136,UFC Fight Night: Diaz vs. Guillard,"Sep 16, 2009",Cox Convention Center,completed,other,,2025-07-29T14:58:05.924423
135,UFC 102: Couture vs. Nogueira,"Aug 29, 2009",Rose Garden,completed,other,,2025-07-29T14:58:05.924475
134,UFC 101: Declaration,"Aug 8, 2009",Wachovia Center,completed,other,,2025-07-29T14:58:05.924526
133,UFC 100,"Jul 11, 2009",Mandalay Bay Events Center,completed,other,,2025-07-29T14:58:05.924586
132,The Ultimate Fighter: United States vs. United Kingdom Finale,"Jun 20, 2009",Palms Casino Resort,completed,other,,2025-07-29T14:58:05.924642
131,UFC 99: The Comeback,"Jun 13, 2009",Lanxess Arena,completed,other,,2025-07-29T14:58:05.924706
130,UFC 98: Evans vs. Machida,"May 23, 2009",MGM Grand Garden Arena,completed,other,,2025-07-29T14:58:05.924762
129,UFC 97: Redemption,"Apr 18, 2009",Bell Centre,completed,other,,2025-07-29T14:58:05.924815
128,UFC Fight Night: Condit vs. Kampmann,"Apr 1, 2009",Sommet Center,completed,other,,2025-07-29T14:58:05.924869
127,UFC 96: Jackson vs. Jardine,"Mar 7, 2009",Nationwide Arena,completed,other,,2025-07-29T14:58:05.924921
126,UFC 95: Sanchez vs. Stevenson,"Feb 21, 2009",The O2 Arena,completed,other,,2025-07-29T14:58:05.924974
125,UFC Fight Night: Lauzon vs. Stephens,"Feb 7, 2009",USF Sun Dome,completed,other,,2025-07-29T14:58:05.925028
124,UFC 94: St-Pierre vs. Penn 2,"Jan 31, 2009",MGM Grand Garden Arena,completed,other,,2025-07-29T14:58:05.925080
123,UFC 93: Franklin vs. Henderson,"Jan 17, 2009",3Arena,completed,other,,2025-07-29T14:58:05.925134
122,Ultimate 2008,"Dec 27, 2008",MGM Grand Garden Arena,completed,other,,2025-07-29T14:58:05.925187
121,The Ultimate Fighter: Team Nogueira vs. Team Mir Finale,"Dec 13, 2008",Palms Casino Resort,completed,other,,2025-07-29T14:58:05.925240
120,UFC: Fight for the Troops,"Dec 10, 2008",Crown Coliseum,completed,other,,2025-07-29T14:58:05.925296
119,UFC 91: Couture vs. Lesnar,"Nov 15, 2008",MGM Grand Garden Arena,completed,other,,2025-07-29T14:58:05.925348
118,UFC 90: Silva vs. Côté,"Oct 25, 2008",Allstate Arena,completed,other,,2025-07-29T14:58:05.925403
117,UFC 89: Bisping vs. Leben,"Oct 18, 2008",National Indoor Arena,completed,other,,2025-07-29T14:58:05.925456
116,UFC Fight Night: Diaz vs. Neer,"Sep 17, 2008",Omaha Civic Auditorium,completed,other,,2025-07-29T14:58:05.925509
115,UFC 88: Breakthrough,"Sep 6, 2008",State Farm Arena,completed,other,,2025-07-29T14:58:05.925562
114,UFC 87: Seek and Destroy,"Aug 9, 2008",Target Center,completed,other,,2025-07-29T14:58:05.925614
113,UFC Fight Night: Silva vs. Irvin,"Jul 19, 2008",Palms Casino Resort,completed,other,,2025-07-29T14:58:05.925667
112,UFC 86: Jackson vs. Griffin,"Jul 5, 2008",Mandalay Bay Events Center,completed,other,,2025-07-29T14:58:05.925715
111,The Ultimate Fighter: Team Rampage vs. Team Forrest Finale,"Jun 21, 2008",Palms Casino Resort,completed,other,,2025-07-29T14:58:05.925769
110,UFC 85: Bedlam,"Jun 7, 2008",The O2 Arena,completed,other,,2025-07-29T14:58:05.925820
109,UFC 84: Ill Will,"May 24, 2008",MGM Grand Garden Arena,completed,other,,2025-07-29T14:58:05.925871
108,UFC 83: Serra vs. St-Pierre 2,"Apr 19, 2008",Bell Centre,completed,other,,2025-07-29T14:58:05.925926
107,UFC Fight Night: Florian vs. Lauzon,"Apr 2, 2008",Broomfield Event Center,completed,other,,2025-07-29T14:58:05.925980
106,UFC 82: Pride of a Champion,"Mar 1, 2008",Nationwide Arena,completed,other,,2025-07-29T14:58:05.926033
105,UFC 81: Breaking Point,"Feb 2, 2008",Mandalay Bay Events Center,completed,other,,2025-07-29T14:58:05.926088
104,UFC Fight Night: Swick vs. Burkman,"Jan 23, 2008",Palms Casino Resort,completed,other,,2025-07-29T14:58:05.926138
103,UFC 80: Rapid Fire,"Jan 19, 2008",Metro Radio Arena,completed,other,,2025-07-29T14:58:05.926189
102,UFC 79: Nemesis,"Dec 29, 2007",Mandalay Bay Events Center,completed,other,,2025-07-29T14:58:05.926240
101,The Ultimate Fighter: Team Hughes vs. Team Serra Finale,"Dec 8, 2007",Palms Casino Resort,completed,other,,2025-07-29T14:58:05.926285
100,UFC 78: Validation,"Nov 17, 2007",Prudential Center,completed,other,,2025-07-29T14:58:05.926337
099,UFC 77: Hostile Territory,"Oct 20, 2007",U.S. Bank Arena,completed,other,,2025-07-29T14:58:05.926390
098,UFC 76: Knockout,"Sep 22, 2007",Honda Center,completed,other,,2025-07-29T14:58:05.926441
097,UFC Fight Night: Thomas vs. Florian,"Sep 19, 2007",Palms Casino Resort,completed,other,,2025-07-29T14:58:05.926485
096,UFC 75: Champion vs. Champion,"Sep 8, 2007",The O2 Arena,completed,other,,2025-07-29T14:58:05.926538
095,UFC 74: Respect,"Aug 25, 2007",Mandalay Bay Events Center,completed,other,,2025-07-29T14:58:05.926588
094,UFC 73: Stacked,"Jul 7, 2007",ARCO Arena,completed,other,,2025-07-29T14:58:05.926639
093,The Ultimate Fighter: Team Pulver vs. Team Penn Finale,"Jun 23, 2007",Palms Casino Resort,completed,other,,2025-07-29T14:58:05.926688
092,UFC 72: Victory,"Jun 16, 2007",The Odyssey,completed,other,,2025-07-29T14:58:05.926740
091,UFC Fight Night: Stout vs. Fisher,"Jun 12, 2007",Seminole Hard Rock Hotel and Casino,completed,other,,2025-07-29T14:58:05.926788
090,UFC 71: Liddell vs. Jackson,"May 26, 2007",MGM Grand Garden Arena,completed,other,,2025-07-29T14:58:05.926841
089,UFC 70: Nations Collide,"Apr 21, 2007",Manchester Evening News Arena,completed,other,,2025-07-29T14:58:05.926893
088,UFC 69: Shootout,"Apr 7, 2007",Toyota Center,completed,other,,2025-07-29T14:58:05.926946
087,UFC Fight Night: Stevenson vs. Guillard,"Apr 5, 2007",Palms Casino Resort,completed,other,,2025-07-29T14:58:05.927001
086,UFC 68: The Uprising,"Mar 3, 2007",Nationwide Arena,completed,other,,2025-07-29T14:58:05.927053
085,UFC 67: All or Nothing,"Feb 3, 2007",Mandalay Bay Events Center,completed,other,,2025-07-29T14:58:05.927104
084,UFC Fight Night: Evans vs. Salmon,"Jan 25, 2007",Seminole Hard Rock Hotel and Casino,completed,other,,2025-07-29T14:58:05.927158
083,UFC 66: Liddell vs. Ortiz,"Dec 30, 2006",MGM Grand Garden Arena,completed,other,,2025-07-29T14:58:05.927210
082,UFC Fight Night: Sanchez vs. Riggs,"Dec 13, 2006",Marine Corps Air Station Miramar,completed,other,,2025-07-29T14:58:05.927264
081,UFC 65: Bad Intentions,"Nov 18, 2006",ARCO Arena,completed,other,,2025-07-29T14:58:05.927316
080,The Ultimate Fighter: The Comeback Finale,"Nov 11, 2006",Hard Rock Hotel and Casino,completed,other,,2025-07-29T14:58:05.927372
079,UFC 64: Unstoppable,"Oct 14, 2006",Mandalay Bay Events Center,completed,other,,2025-07-29T14:58:05.927420
078,UFC Fight Night 6.5,"Oct 10, 2006",Seminole Hard Rock Hotel and Casino,completed,other,,2025-07-29T14:58:05.927472
077,UFC 63: Hughes vs. Penn,"Sep 23, 2006",Honda Center,completed,other,,2025-07-29T14:58:05.927524
076,UFC 62: Liddell vs. Sobral,"Aug 26, 2006",Mandalay Bay Events Center,completed,other,,2025-07-29T14:58:05.927581
075,UFC Fight Night 6,"Aug 17, 2006",Red Rock Resort Spa and Casino,completed,other,,2025-07-29T14:58:05.927636
074,UFC 61: Bitter Rivals,"Jul 8, 2006",Mandalay Bay Events Center,completed,other,,2025-07-29T14:58:05.927688
073,UFC Ultimate Fight Night 5,"Jun 28, 2006",Hard Rock Hotel and Casino,completed,other,,2025-07-29T14:58:05.927735
072,The Ultimate Fighter: Team Ortiz vs. Team Shamrock Finale,"Jun 24, 2006",849,completed,other,,2025-07-29T14:58:05.927785
071,UFC 60: Hughes vs. Gracie,"May 27, 2006",Crypto.com Arena,completed,other,,2025-07-29T14:58:05.927838
070,UFC 59: Reality Check,"Apr 15, 2006",Honda Center,completed,other,,2025-07-29T14:58:05.927891
069,UFC Ultimate Fight Night 4,"Apr 6, 2006",Hard Rock Hotel and Casino,completed,other,,2025-07-29T14:58:05.927943
068,UFC 58: USA vs. Canada,"Mar 4, 2006",Mandalay Bay Events Center,completed,other,,2025-07-29T14:58:05.927990
067,UFC 57: Liddell vs. Couture 3,"Feb 4, 2006","10,659",completed,other,,2025-07-29T14:58:05.928035
066,UFC Ultimate Fight Night 3,"Jan 16, 2006",Hard Rock Hotel and Casino,completed,other,,2025-07-29T14:58:05.928082
065,UFC 56: Full Force,"Nov 19, 2005",MGM Grand Garden Arena,completed,other,,2025-07-29T14:58:05.928129
064,The Ultimate Fighter: Team Hughes vs. Team Franklin Finale,"Nov 5, 2005",Hard Rock Hotel and Casino,completed,other,,2025-07-29T14:58:05.928174
063,UFC 55: Fury,"Oct 7, 2005",Mohegan Sun Arena,completed,other,,2025-07-29T14:58:05.928227
062,UFC Ultimate Fight Night 2,"Oct 3, 2005",Hard Rock Hotel and Casino,completed,other,,2025-07-29T14:58:05.928269
061,UFC 54: Boiling Point,"Aug 20, 2005",MGM Grand Garden Arena,completed,other,,2025-07-29T14:58:05.928317
060,UFC Ultimate Fight Night,"Aug 6, 2005",Cox Pavilion,completed,other,,2025-07-29T14:58:05.928355
059,UFC 53: Heavy Hitters,"Jun 4, 2005",Boardwalk Hall,completed,other,,2025-07-29T14:58:05.928406
058,UFC 52: Couture vs. Liddell,"Apr 16, 2005",MGM Grand Garden Arena,completed,other,,2025-07-29T14:58:05.928459
057,The Ultimate Fighter: Team Couture vs. Team Liddell Finale,"Apr 9, 2005",Cox Pavilion,completed,other,,2025-07-29T14:58:05.928505
056,UFC 51: Super Saturday,"Feb 5, 2005",Mandalay Bay Events Center,completed,other,,2025-07-29T14:58:05.928553
055,UFC 50: The War of '04,"Oct 22, 2004",Boardwalk Hall,completed,other,,2025-07-29T14:58:05.928605
054,UFC 49: Unfinished Business,"Aug 21, 2004",MGM Grand Garden Arena,completed,other,,2025-07-29T14:58:05.928660
053,UFC 48: Payback,"Jun 19, 2004",Mandalay Bay Events Center,completed,other,,2025-07-29T14:58:05.928706
052,UFC 47: It's On!,"Apr 2, 2004","11,437",completed,other,,2025-07-29T14:58:05.928749
051,UFC 46: Supernatural,"Jan 31, 2004","10,700",completed,other,,2025-07-29T14:58:05.928793
050,UFC 45: Revolution,"Nov 21, 2003",Mohegan Sun Arena,completed,other,,2025-07-29T14:58:05.928845
049,UFC 44: Undisputed,"Sep 26, 2003",Mandalay Bay Events Center,completed,other,,2025-07-29T14:58:05.928896
048,UFC 43: Meltdown,"Jun 6, 2003",Thomas & Mack Center,completed,other,,2025-07-29T14:58:05.928943
047,UFC 42: Sudden Impact,"Apr 25, 2003",Kaseya Center,completed,other,,2025-07-29T14:58:05.928995
046,UFC 41: Onslaught,"Feb 28, 2003",Boardwalk Hall,completed,other,,2025-07-29T14:58:05.929052
045,UFC 40: Vendetta,"Nov 22, 2002",MGM Grand Garden Arena,completed,other,,2025-07-29T14:58:05.929134
044,UFC 39: The Warriors Return,"Sep 27, 2002",Mohegan Sun Arena,completed,other,,2025-07-29T14:58:05.929202
043,UFC 38: Brawl at the Hall,"Jul 13, 2002",Royal Albert Hall,completed,other,,2025-07-29T14:58:05.929262
042,UFC 37.5: As Real As It Gets,"Jun 22, 2002",Bellagio,completed,other,,2025-07-29T14:58:05.929324
041,UFC 37: High Impact,"May 10, 2002",CenturyTel Center,completed,other,,2025-07-29T14:58:05.929378
040,UFC 36: Worlds Collide,"Mar 22, 2002",MGM Grand Garden Arena,completed,other,,2025-07-29T14:58:05.929432
039,UFC 35: Throwdown,"Jan 11, 2002",Mohegan Sun Arena,completed,other,,2025-07-29T14:58:05.929497
038,UFC 34: High Voltage,"Nov 2, 2001",MGM Grand Garden Arena,completed,other,,2025-07-29T14:58:05.929554
037,UFC 33: Victory in Vegas,"Sep 28, 2001",Mandalay Bay Events Center,completed,other,,2025-07-29T14:58:05.929604
036,UFC 32: Showdown in the Meadowlands,"Jun 29, 2001",Continental Airlines Arena,completed,other,,2025-07-29T14:58:05.929666
035,UFC 31: Locked and Loaded,"May 4, 2001",Etess Arena,completed,other,,2025-07-29T14:58:05.929714
034,UFC 30: Battle on the Boardwalk,"Feb 23, 2001","3,000",completed,other,,2025-07-29T14:58:05.929762
033,UFC 29: Defense of the Belts,"Dec 16, 2000",Differ Ariake Arena,completed,other,,2025-07-29T14:58:05.929829
032,UFC 28: High Stakes,"Nov 17, 2000",Etess Arena,completed,other,,2025-07-29T14:58:05.929885
031,UFC 27: Ultimate Bad Boyz,"Sep 22, 2000",Lakefront Arena,completed,other,,2025-07-29T14:58:05.929929
030,UFC 26: Ultimate Field of Dreams,"Jun 9, 2000",Five Seasons Events Center,completed,other,,2025-07-29T14:58:05.929999
029,UFC 25: Ultimate Japan 3,"Apr 14, 2000",Yoyogi National Gymnasium,completed,other,,2025-07-29T14:58:05.930043
028,UFC 24: First Defense,"Mar 10, 2000",Lake Charles Civic Center,completed,other,,2025-07-29T14:58:05.930085
027,UFC 23: Ultimate Japan 2,"Nov 19, 1999",Tokyo Bay NK Hall,completed,other,,2025-07-29T14:58:05.930129
026,UFC 22: Only One Can be Champion,"Sep 24, 1999",Lake Charles Civic Center,completed,other,,2025-07-29T14:58:05.930173
025,UFC 21: Return of the Champions,"Jul 16, 1999",Five Seasons Events Center,completed,other,,2025-07-29T14:58:05.930217
024,UFC 20: Battle for the Gold,"May 7, 1999",Boutwell Memorial Auditorium,completed,other,,2025-07-29T14:58:05.930264
023,UFC 19: Ultimate Young Guns,"Mar 5, 1999",Casino Magic Bay St. Louis,completed,other,,2025-07-29T14:58:05.930308
022,UFC 18: The Road to the Heavyweight Title,"Jan 8, 1999",Pontchartrain Center,completed,other,,2025-07-29T14:58:05.930355
021,UFC Brazil: Ultimate Brazil,"Oct 16, 1998",Ginásio da Portuguesa,completed,other,,2025-07-29T14:58:05.930408
020,UFC 17: Redemption,"May 15, 1998",Mobile Civic Center,completed,other,,2025-07-29T14:58:05.930462
019,UFC 16: Battle in the Bayou,"Mar 13, 1998",Pontchartrain Center,completed,other,,2025-07-29T14:58:05.930536
018,UFC Japan: Ultimate Japan,"Dec 21, 1997",Yokohama Arena,completed,other,,2025-07-29T14:58:05.930585
017,UFC 15: Collision Course,"Oct 17, 1997",Casino Magic Bay St. Louis,completed,other,,2025-07-29T14:58:05.930628
016,UFC 14: Showdown,"Jul 27, 1997",Boutwell Memorial Auditorium,completed,other,,2025-07-29T14:58:05.930678
015,UFC 13: The Ultimate Force,"May 30, 1997",Augusta Civic Center,completed,other,,2025-07-29T14:58:05.930729
014,UFC 12: Judgement Day,"Feb 7, 1997",Dothan Civic Center,completed,other,,2025-07-29T14:58:05.930781
013,UFC: The Ultimate Ultimate 2,"Dec 7, 1996",Fair Park Arena,completed,other,,2025-07-29T14:58:05.930835
012,UFC 11: The Proving Ground,"Sep 20, 1996",Augusta Civic Center,completed,other,,2025-07-29T14:58:05.930887
011,UFC 10: The Tournament,"Jul 12, 1996",Fair Park Arena,completed,other,,2025-07-29T14:58:05.930938
010,UFC 9: Motor City Madness,"May 17, 1996",Cobo Arena,completed,other,,2025-07-29T14:58:05.930988
009,UFC 8: David vs. Goliath,"Feb 16, 1996",Coliseo Rubén Rodríguez,completed,other,,2025-07-29T14:58:05.931039
008,UFC: The Ultimate Ultimate,"Dec 16, 1995",Mammoth Gardens,completed,other,,2025-07-29T14:58:05.931089
007,UFC 7: The Brawl in Buffalo,"Sep 8, 1995",Buffalo Memorial Auditorium,completed,other,,2025-07-29T14:58:05.931140
006,UFC 6: Clash of the Titans,"Jul 14, 1995",Casper Events Center,completed,other,,2025-07-29T14:58:05.931191
005,UFC 5: The Return of the Beast,"Apr 7, 1995",Independence Arena,completed,other,,2025-07-29T14:58:05.931242
004,UFC 4: Revenge of the Warriors,"Dec 16, 1994",Expo Square Pavilion,completed,other,,2025-07-29T14:58:05.931294
003,UFC 3: The American Dream,"Sep 9, 1994",Grady Cole Center,completed,other,,2025-07-29T14:58:05.931345
002,UFC 2: No Way Out,"Mar 11, 1994",Mammoth Gardens,completed,other,,2025-07-29T14:58:05.931395
001,UFC 1: The Beginning,"Nov 12, 1993",McNichols Sports Arena,completed,other,,2025-07-29T14:58:05.931442
